,row_idx,col_idx,log2ratio
0,1,1,1
1,2,1,0
2,3,1,1
3,4,1,1
4,5,1,1
5,6,1,1
6,7,1,1
7,8,1,1
8,9,1,1
9,10,1,1
10,11,1,1
11,12,1,1
12,13,1,1
13,14,1,1
14,15,1,1
15,16,1,1
16,17,1,1
17,18,1,1
18,19,1,1
19,20,1,0
20,21,1,1
21,22,1,1
22,23,1,1
23,24,1,1
24,25,1,1
25,26,1,1
26,27,1,1
27,28,1,1
28,29,1,1
29,30,1,1
30,31,1,1
31,32,1,0
32,33,1,1
33,34,1,1
34,35,1,1
35,36,1,1
36,37,1,1
37,38,1,1
38,39,1,1
39,40,1,1
40,41,1,1
41,42,1,0
42,43,1,1
43,44,1,1
44,45,1,1
45,46,1,1
46,47,1,1
47,48,1,1
48,49,1,1
49,50,1,1
50,51,1,0
51,52,1,1
52,53,1,1
53,54,1,1
54,55,1,1
55,56,1,1
56,57,1,1
57,58,1,1
58,59,1,1
59,60,1,1
60,61,1,1
61,62,1,1
62,63,1,1
63,64,1,1
64,65,1,1
65,66,1,1
66,67,1,1
67,68,1,1
68,69,1,1
69,70,1,1
70,71,1,1
71,72,1,1
72,73,1,1
73,74,1,1
74,75,1,1
75,76,1,1
76,77,1,1
77,78,1,1
78,79,1,1
79,80,1,1
80,81,1,1
81,82,1,1
82,83,1,1
83,84,1,1
84,85,1,1
85,86,1,1
86,87,1,1
87,88,1,0
88,89,1,0
89,90,1,1
90,91,1,1
91,92,1,1
92,93,1,1
93,94,1,0
94,95,1,1
95,96,1,1
96,97,1,1
97,98,1,1
98,99,1,0
99,100,1,1
100,101,1,1
101,102,1,1
102,103,1,1
103,104,1,1
104,105,1,1
105,106,1,1
106,107,1,1
107,108,1,0
108,109,1,1
109,110,1,0
110,111,1,1
111,112,1,1
112,113,1,1
113,114,1,1
114,115,1,1
115,116,1,1
116,117,1,1
117,118,1,1
118,119,1,1
119,120,1,1
120,121,1,1
121,122,1,1
122,123,1,1
123,124,1,1
124,125,1,1
125,126,1,1
126,127,1,1
127,128,1,1
128,129,1,1
129,130,1,1
130,131,1,1
131,132,1,1
132,133,1,1
133,134,1,1
134,135,1,1
135,136,1,1
136,137,1,1
137,138,1,1
138,139,1,1
139,140,1,1
140,141,1,1
141,142,1,1
142,143,1,1
143,144,1,1
144,145,1,1
145,146,1,1
146,147,1,0
147,148,1,1
148,149,1,1
149,150,1,1
150,151,1,1
151,152,1,0
152,153,1,1
153,154,1,1
154,155,1,1
155,156,1,1
156,157,1,1
157,158,1,0
158,159,1,1
159,160,1,1
160,161,1,1
161,162,1,1
162,163,1,1
163,164,1,1
164,165,1,1
165,166,1,1
166,167,1,1
167,168,1,1
168,169,1,1
169,170,1,1
170,171,1,1
171,172,1,1
172,173,1,1
173,174,1,1
174,175,1,1
175,176,1,1
176,177,1,1
177,178,1,1
178,179,1,1
179,180,1,0
180,181,1,1
181,182,1,1
182,183,1,1
183,184,1,1
184,185,1,1
185,186,1,1
186,187,1,1
187,188,1,1
188,189,1,1
189,190,1,1
190,191,1,1
191,192,1,1
192,193,1,1
193,194,1,1
194,195,1,1
195,196,1,1
196,197,1,1
197,198,1,1
198,199,1,0
199,200,1,1
200,201,1,0
201,202,1,1
202,203,1,1
203,204,1,1
204,205,1,1
205,206,1,1
206,207,1,1
207,208,1,1
208,209,1,1
209,210,1,1
210,211,1,0
211,212,1,1
212,213,1,0
213,214,1,1
214,215,1,1
215,216,1,1
216,217,1,1
217,218,1,1
218,219,1,0
219,220,1,1
220,221,1,1
221,222,1,1
222,223,1,1
223,224,1,1
224,225,1,1
225,226,1,1
226,227,1,1
227,228,1,0
228,229,1,1
229,230,1,1
230,231,1,1
231,232,1,1
232,233,1,1
233,234,1,1
234,235,1,1
235,236,1,1
236,237,1,1
237,238,1,1
238,239,1,1
239,240,1,1
240,241,1,1
241,242,1,1
242,243,1,1
243,244,1,1
244,245,1,1
245,246,1,1
246,247,1,1
247,248,1,1
248,249,1,1
249,250,1,1
250,251,1,1
251,252,1,1
252,253,1,1
253,254,1,0
254,255,1,0
255,256,1,1
256,257,1,0
257,258,1,1
258,259,1,0
259,260,1,1
260,261,1,1
261,262,1,1
262,263,1,1
263,264,1,1
264,265,1,0
265,266,1,1
266,267,1,0
267,268,1,1
268,269,1,1
269,270,1,1
270,271,1,1
271,272,1,0
272,273,1,1
273,274,1,1
274,275,1,1
275,276,1,1
276,277,1,1
277,278,1,0
278,279,1,1
279,280,1,1
280,281,1,1
281,282,1,1
282,283,1,1
283,284,1,1
284,285,1,1
285,286,1,1
286,287,1,1
287,288,1,1
288,289,1,1
289,290,1,1
290,291,1,0
291,292,1,1
292,293,1,0
293,294,1,1
294,295,1,1
295,296,1,1
296,297,1,1
297,298,1,1
298,299,1,1
299,300,1,1
300,301,1,1
301,302,1,0
302,303,1,1
303,304,1,1
304,305,1,1
305,306,1,1
306,307,1,1
307,308,1,1
308,309,1,1
309,310,1,1
310,311,1,1
311,312,1,1
312,313,1,1
313,314,1,1
314,315,1,1
315,316,1,1
316,317,1,1
317,318,1,1
318,319,1,1
319,320,1,1
320,321,1,1
321,322,1,1
322,323,1,1
323,324,1,1
324,325,1,1
325,326,1,1
326,327,1,1
327,328,1,1
328,329,1,1
329,330,1,1
330,331,1,1
331,332,1,1
332,333,1,1
333,334,1,1
334,335,1,1
335,336,1,1
336,337,1,1
337,338,1,1
338,339,1,1
339,340,1,1
340,341,1,1
341,342,1,1
342,343,1,1
343,344,1,1
344,345,1,1
345,346,1,1
346,347,1,1
347,348,1,1
348,349,1,1
349,350,1,0
350,351,1,1
351,352,1,1
352,353,1,1
353,354,1,1
354,355,1,1
355,356,1,1
356,357,1,1
357,358,1,1
358,359,1,1
359,360,1,1
360,361,1,0
361,362,1,1
362,363,1,1
363,364,1,1
364,365,1,1
365,366,1,1
366,367,1,1
367,368,1,1
368,369,1,1
369,370,1,1
370,371,1,1
371,372,1,1
372,373,1,1
373,374,1,1
374,375,1,1
375,376,1,1
376,377,1,1
377,378,1,1
378,379,1,1
379,380,1,1
380,381,1,1
381,382,1,1
382,383,1,1
383,384,1,1
384,385,1,0
385,386,1,0
386,387,1,0
387,388,1,1
388,389,1,1
389,390,1,1
390,391,1,1
391,392,1,1
392,393,1,1
393,394,1,1
394,395,1,1
395,396,1,1
396,397,1,1
397,398,1,1
398,399,1,1
399,400,1,1
400,401,1,1
401,402,1,1
402,403,1,1
403,404,1,1
404,405,1,1
405,406,1,1
406,407,1,1
407,408,1,1
408,409,1,1
409,410,1,1
410,411,1,1
411,412,1,0
412,413,1,1
413,414,1,1
414,415,1,1
415,416,1,1
416,417,1,1
417,418,1,1
418,419,1,1
419,420,1,1
420,421,1,1
421,422,1,0
422,423,1,1
423,424,1,1
424,425,1,1
425,426,1,1
426,427,1,1
427,428,1,1
428,429,1,1
429,430,1,1
430,431,1,1
431,432,1,1
432,433,1,1
433,434,1,1
434,435,1,1
435,436,1,0
436,437,1,1
437,438,1,1
438,439,1,0
439,440,1,1
440,441,1,1
441,442,1,0
442,443,1,1
443,444,1,1
444,445,1,1
445,446,1,1
446,447,1,1
447,448,1,1
448,449,1,1
449,450,1,1
450,451,1,1
451,452,1,1
452,453,1,1
453,454,1,1
454,455,1,1
455,456,1,1
456,457,1,1
457,458,1,1
458,459,1,1
459,460,1,0
460,461,1,1
461,462,1,0
462,463,1,0
463,464,1,1
464,465,1,1
465,466,1,0
466,467,1,1
467,468,1,1
468,469,1,1
469,470,1,1
470,471,1,1
471,472,1,0
472,473,1,1
473,474,1,1
474,475,1,1
475,476,1,1
476,477,1,1
477,478,1,1
478,479,1,1
479,480,1,1
480,481,1,1
481,482,1,1
482,483,1,1
483,484,1,0
484,485,1,1
485,486,1,1
486,487,1,1
487,488,1,1
488,489,1,1
489,490,1,1
490,491,1,1
491,492,1,0
492,493,1,1
493,494,1,0
494,495,1,1
495,496,1,1
496,497,1,1
497,498,1,1
498,499,1,0
499,500,1,0
0,1,2,1
1,2,2,0
2,3,2,1
3,4,2,1
4,5,2,1
5,6,2,1
6,7,2,1
7,8,2,1
8,9,2,1
9,10,2,1
10,11,2,1
11,12,2,1
12,13,2,1
13,14,2,1
14,15,2,1
15,16,2,1
16,17,2,1
17,18,2,1
18,19,2,1
19,20,2,0
20,21,2,1
21,22,2,1
22,23,2,1
23,24,2,1
24,25,2,1
25,26,2,1
26,27,2,1
27,28,2,1
28,29,2,1
29,30,2,1
30,31,2,1
31,32,2,0
32,33,2,1
33,34,2,1
34,35,2,1
35,36,2,1
36,37,2,1
37,38,2,1
38,39,2,1
39,40,2,1
40,41,2,1
41,42,2,0
42,43,2,1
43,44,2,1
44,45,2,1
45,46,2,1
46,47,2,1
47,48,2,1
48,49,2,1
49,50,2,1
50,51,2,0
51,52,2,1
52,53,2,1
53,54,2,1
54,55,2,1
55,56,2,1
56,57,2,1
57,58,2,1
58,59,2,1
59,60,2,1
60,61,2,1
61,62,2,1
62,63,2,1
63,64,2,1
64,65,2,1
65,66,2,1
66,67,2,1
67,68,2,1
68,69,2,1
69,70,2,1
70,71,2,1
71,72,2,1
72,73,2,1
73,74,2,1
74,75,2,1
75,76,2,1
76,77,2,1
77,78,2,1
78,79,2,1
79,80,2,1
80,81,2,1
81,82,2,1
82,83,2,1
83,84,2,1
84,85,2,1
85,86,2,1
86,87,2,1
87,88,2,0
88,89,2,0
89,90,2,1
90,91,2,1
91,92,2,1
92,93,2,1
93,94,2,0
94,95,2,1
95,96,2,1
96,97,2,1
97,98,2,1
98,99,2,0
99,100,2,1
100,101,2,1
101,102,2,1
102,103,2,1
103,104,2,1
104,105,2,1
105,106,2,1
106,107,2,1
107,108,2,0
108,109,2,1
109,110,2,0
110,111,2,1
111,112,2,1
112,113,2,1
113,114,2,1
114,115,2,1
115,116,2,1
116,117,2,1
117,118,2,1
118,119,2,1
119,120,2,1
120,121,2,1
121,122,2,1
122,123,2,1
123,124,2,1
124,125,2,1
125,126,2,1
126,127,2,1
127,128,2,1
128,129,2,1
129,130,2,1
130,131,2,1
131,132,2,1
132,133,2,1
133,134,2,1
134,135,2,1
135,136,2,1
136,137,2,1
137,138,2,1
138,139,2,1
139,140,2,1
140,141,2,1
141,142,2,1
142,143,2,1
143,144,2,1
144,145,2,1
145,146,2,1
146,147,2,0
147,148,2,1
148,149,2,1
149,150,2,1
150,151,2,1
151,152,2,0
152,153,2,1
153,154,2,1
154,155,2,1
155,156,2,1
156,157,2,1
157,158,2,0
158,159,2,1
159,160,2,1
160,161,2,1
161,162,2,1
162,163,2,1
163,164,2,1
164,165,2,1
165,166,2,1
166,167,2,1
167,168,2,1
168,169,2,1
169,170,2,1
170,171,2,1
171,172,2,1
172,173,2,1
173,174,2,1
174,175,2,1
175,176,2,1
176,177,2,1
177,178,2,1
178,179,2,1
179,180,2,0
180,181,2,1
181,182,2,1
182,183,2,1
183,184,2,1
184,185,2,1
185,186,2,1
186,187,2,1
187,188,2,1
188,189,2,1
189,190,2,1
190,191,2,1
191,192,2,1
192,193,2,1
193,194,2,1
194,195,2,1
195,196,2,1
196,197,2,1
197,198,2,1
198,199,2,0
199,200,2,1
200,201,2,0
201,202,2,1
202,203,2,1
203,204,2,1
204,205,2,1
205,206,2,1
206,207,2,1
207,208,2,1
208,209,2,1
209,210,2,1
210,211,2,0
211,212,2,1
212,213,2,0
213,214,2,1
214,215,2,1
215,216,2,1
216,217,2,1
217,218,2,1
218,219,2,0
219,220,2,1
220,221,2,1
221,222,2,1
222,223,2,1
223,224,2,1
224,225,2,1
225,226,2,1
226,227,2,1
227,228,2,0
228,229,2,1
229,230,2,1
230,231,2,1
231,232,2,1
232,233,2,1
233,234,2,1
234,235,2,1
235,236,2,1
236,237,2,1
237,238,2,1
238,239,2,1
239,240,2,1
240,241,2,1
241,242,2,1
242,243,2,1
243,244,2,1
244,245,2,1
245,246,2,1
246,247,2,1
247,248,2,1
248,249,2,1
249,250,2,1
250,251,2,1
251,252,2,1
252,253,2,1
253,254,2,0
254,255,2,0
255,256,2,1
256,257,2,0
257,258,2,1
258,259,2,0
259,260,2,1
260,261,2,1
261,262,2,1
262,263,2,1
263,264,2,1
264,265,2,0
265,266,2,1
266,267,2,0
267,268,2,1
268,269,2,1
269,270,2,1
270,271,2,1
271,272,2,0
272,273,2,1
273,274,2,1
274,275,2,1
275,276,2,1
276,277,2,1
277,278,2,0
278,279,2,1
279,280,2,1
280,281,2,1
281,282,2,1
282,283,2,1
283,284,2,1
284,285,2,1
285,286,2,1
286,287,2,1
287,288,2,1
288,289,2,1
289,290,2,1
290,291,2,0
291,292,2,1
292,293,2,0
293,294,2,1
294,295,2,1
295,296,2,1
296,297,2,1
297,298,2,1
298,299,2,1
299,300,2,1
300,301,2,1
301,302,2,0
302,303,2,1
303,304,2,1
304,305,2,1
305,306,2,1
306,307,2,1
307,308,2,1
308,309,2,1
309,310,2,1
310,311,2,1
311,312,2,1
312,313,2,1
313,314,2,1
314,315,2,1
315,316,2,1
316,317,2,1
317,318,2,1
318,319,2,1
319,320,2,1
320,321,2,1
321,322,2,1
322,323,2,1
323,324,2,1
324,325,2,1
325,326,2,1
326,327,2,1
327,328,2,1
328,329,2,1
329,330,2,1
330,331,2,1
331,332,2,1
332,333,2,1
333,334,2,1
334,335,2,1
335,336,2,1
336,337,2,1
337,338,2,1
338,339,2,1
339,340,2,1
340,341,2,1
341,342,2,1
342,343,2,1
343,344,2,1
344,345,2,1
345,346,2,1
346,347,2,1
347,348,2,1
348,349,2,1
349,350,2,0
350,351,2,1
351,352,2,1
352,353,2,1
353,354,2,1
354,355,2,1
355,356,2,1
356,357,2,1
357,358,2,1
358,359,2,1
359,360,2,1
360,361,2,0
361,362,2,1
362,363,2,1
363,364,2,1
364,365,2,1
365,366,2,1
366,367,2,1
367,368,2,1
368,369,2,1
369,370,2,1
370,371,2,1
371,372,2,1
372,373,2,1
373,374,2,1
374,375,2,1
375,376,2,1
376,377,2,1
377,378,2,1
378,379,2,1
379,380,2,1
380,381,2,1
381,382,2,1
382,383,2,1
383,384,2,1
384,385,2,0
385,386,2,0
386,387,2,0
387,388,2,1
388,389,2,1
389,390,2,1
390,391,2,1
391,392,2,1
392,393,2,1
393,394,2,1
394,395,2,1
395,396,2,1
396,397,2,1
397,398,2,1
398,399,2,1
399,400,2,1
400,401,2,1
401,402,2,1
402,403,2,1
403,404,2,1
404,405,2,1
405,406,2,1
406,407,2,1
407,408,2,1
408,409,2,1
409,410,2,1
410,411,2,1
411,412,2,0
412,413,2,1
413,414,2,1
414,415,2,1
415,416,2,1
416,417,2,1
417,418,2,1
418,419,2,1
419,420,2,1
420,421,2,1
421,422,2,0
422,423,2,1
423,424,2,1
424,425,2,1
425,426,2,1
426,427,2,1
427,428,2,1
428,429,2,1
429,430,2,1
430,431,2,1
431,432,2,1
432,433,2,1
433,434,2,1
434,435,2,1
435,436,2,0
436,437,2,1
437,438,2,1
438,439,2,0
439,440,2,1
440,441,2,1
441,442,2,0
442,443,2,1
443,444,2,1
444,445,2,1
445,446,2,1
446,447,2,1
447,448,2,1
448,449,2,1
449,450,2,1
450,451,2,1
451,452,2,1
452,453,2,1
453,454,2,1
454,455,2,1
455,456,2,1
456,457,2,1
457,458,2,1
458,459,2,1
459,460,2,0
460,461,2,1
461,462,2,0
462,463,2,0
463,464,2,1
464,465,2,1
465,466,2,0
466,467,2,1
467,468,2,1
468,469,2,1
469,470,2,1
470,471,2,1
471,472,2,0
472,473,2,1
473,474,2,1
474,475,2,1
475,476,2,1
476,477,2,1
477,478,2,1
478,479,2,1
479,480,2,1
480,481,2,1
481,482,2,1
482,483,2,1
483,484,2,0
484,485,2,1
485,486,2,1
486,487,2,1
487,488,2,1
488,489,2,1
489,490,2,1
490,491,2,1
491,492,2,0
492,493,2,1
493,494,2,0
494,495,2,1
495,496,2,1
496,497,2,1
497,498,2,1
498,499,2,0
499,500,2,0
0,1,3,1
1,2,3,0
2,3,3,1
3,4,3,1
4,5,3,1
5,6,3,1
6,7,3,1
7,8,3,1
8,9,3,1
9,10,3,1
10,11,3,1
11,12,3,1
12,13,3,1
13,14,3,1
14,15,3,1
15,16,3,1
16,17,3,1
17,18,3,1
18,19,3,1
19,20,3,0
20,21,3,1
21,22,3,1
22,23,3,1
23,24,3,1
24,25,3,1
25,26,3,1
26,27,3,1
27,28,3,1
28,29,3,1
29,30,3,1
30,31,3,1
31,32,3,0
32,33,3,1
33,34,3,1
34,35,3,1
35,36,3,1
36,37,3,1
37,38,3,1
38,39,3,1
39,40,3,1
40,41,3,1
41,42,3,0
42,43,3,1
43,44,3,1
44,45,3,1
45,46,3,1
46,47,3,1
47,48,3,1
48,49,3,1
49,50,3,1
50,51,3,0
51,52,3,1
52,53,3,1
53,54,3,1
54,55,3,1
55,56,3,1
56,57,3,1
57,58,3,1
58,59,3,1
59,60,3,1
60,61,3,1
61,62,3,1
62,63,3,1
63,64,3,1
64,65,3,1
65,66,3,1
66,67,3,1
67,68,3,1
68,69,3,1
69,70,3,1
70,71,3,1
71,72,3,1
72,73,3,1
73,74,3,1
74,75,3,1
75,76,3,1
76,77,3,1
77,78,3,1
78,79,3,1
79,80,3,1
80,81,3,1
81,82,3,1
82,83,3,1
83,84,3,1
84,85,3,1
85,86,3,1
86,87,3,1
87,88,3,0
88,89,3,0
89,90,3,1
90,91,3,1
91,92,3,1
92,93,3,1
93,94,3,0
94,95,3,1
95,96,3,1
96,97,3,1
97,98,3,1
98,99,3,0
99,100,3,1
100,101,3,1
101,102,3,1
102,103,3,1
103,104,3,1
104,105,3,1
105,106,3,1
106,107,3,1
107,108,3,0
108,109,3,1
109,110,3,0
110,111,3,1
111,112,3,1
112,113,3,1
113,114,3,1
114,115,3,1
115,116,3,1
116,117,3,1
117,118,3,1
118,119,3,1
119,120,3,1
120,121,3,1
121,122,3,1
122,123,3,1
123,124,3,1
124,125,3,1
125,126,3,1
126,127,3,1
127,128,3,1
128,129,3,0
129,130,3,1
130,131,3,1
131,132,3,1
132,133,3,1
133,134,3,1
134,135,3,1
135,136,3,1
136,137,3,1
137,138,3,1
138,139,3,1
139,140,3,1
140,141,3,1
141,142,3,1
142,143,3,1
143,144,3,1
144,145,3,1
145,146,3,1
146,147,3,0
147,148,3,1
148,149,3,1
149,150,3,1
150,151,3,1
151,152,3,0
152,153,3,1
153,154,3,1
154,155,3,1
155,156,3,1
156,157,3,1
157,158,3,0
158,159,3,1
159,160,3,1
160,161,3,1
161,162,3,1
162,163,3,1
163,164,3,1
164,165,3,1
165,166,3,1
166,167,3,1
167,168,3,1
168,169,3,1
169,170,3,1
170,171,3,1
171,172,3,1
172,173,3,1
173,174,3,1
174,175,3,1
175,176,3,1
176,177,3,1
177,178,3,1
178,179,3,1
179,180,3,0
180,181,3,1
181,182,3,1
182,183,3,1
183,184,3,1
184,185,3,1
185,186,3,1
186,187,3,1
187,188,3,1
188,189,3,1
189,190,3,1
190,191,3,1
191,192,3,1
192,193,3,1
193,194,3,1
194,195,3,1
195,196,3,1
196,197,3,1
197,198,3,1
198,199,3,0
199,200,3,1
200,201,3,0
201,202,3,1
202,203,3,1
203,204,3,1
204,205,3,1
205,206,3,1
206,207,3,1
207,208,3,1
208,209,3,1
209,210,3,1
210,211,3,0
211,212,3,1
212,213,3,0
213,214,3,1
214,215,3,1
215,216,3,1
216,217,3,1
217,218,3,1
218,219,3,0
219,220,3,1
220,221,3,1
221,222,3,1
222,223,3,1
223,224,3,1
224,225,3,1
225,226,3,1
226,227,3,1
227,228,3,0
228,229,3,1
229,230,3,1
230,231,3,1
231,232,3,1
232,233,3,0
233,234,3,1
234,235,3,1
235,236,3,1
236,237,3,1
237,238,3,1
238,239,3,1
239,240,3,1
240,241,3,1
241,242,3,1
242,243,3,1
243,244,3,1
244,245,3,1
245,246,3,1
246,247,3,1
247,248,3,1
248,249,3,1
249,250,3,1
250,251,3,1
251,252,3,1
252,253,3,1
253,254,3,0
254,255,3,0
255,256,3,1
256,257,3,0
257,258,3,1
258,259,3,0
259,260,3,1
260,261,3,1
261,262,3,1
262,263,3,1
263,264,3,1
264,265,3,0
265,266,3,1
266,267,3,0
267,268,3,1
268,269,3,1
269,270,3,1
270,271,3,1
271,272,3,0
272,273,3,1
273,274,3,1
274,275,3,1
275,276,3,1
276,277,3,1
277,278,3,0
278,279,3,1
279,280,3,1
280,281,3,1
281,282,3,1
282,283,3,1
283,284,3,1
284,285,3,1
285,286,3,1
286,287,3,1
287,288,3,1
288,289,3,1
289,290,3,1
290,291,3,0
291,292,3,1
292,293,3,0
293,294,3,1
294,295,3,1
295,296,3,1
296,297,3,1
297,298,3,1
298,299,3,1
299,300,3,1
300,301,3,1
301,302,3,0
302,303,3,1
303,304,3,1
304,305,3,1
305,306,3,1
306,307,3,1
307,308,3,1
308,309,3,1
309,310,3,1
310,311,3,1
311,312,3,1
312,313,3,1
313,314,3,1
314,315,3,1
315,316,3,1
316,317,3,1
317,318,3,1
318,319,3,1
319,320,3,1
320,321,3,1
321,322,3,1
322,323,3,1
323,324,3,1
324,325,3,1
325,326,3,1
326,327,3,1
327,328,3,1
328,329,3,1
329,330,3,1
330,331,3,1
331,332,3,1
332,333,3,1
333,334,3,1
334,335,3,1
335,336,3,1
336,337,3,1
337,338,3,1
338,339,3,1
339,340,3,1
340,341,3,1
341,342,3,1
342,343,3,1
343,344,3,1
344,345,3,1
345,346,3,1
346,347,3,1
347,348,3,1
348,349,3,1
349,350,3,0
350,351,3,1
351,352,3,1
352,353,3,1
353,354,3,1
354,355,3,1
355,356,3,1
356,357,3,1
357,358,3,1
358,359,3,1
359,360,3,1
360,361,3,0
361,362,3,1
362,363,3,1
363,364,3,1
364,365,3,1
365,366,3,1
366,367,3,1
367,368,3,1
368,369,3,1
369,370,3,1
370,371,3,1
371,372,3,1
372,373,3,1
373,374,3,1
374,375,3,1
375,376,3,1
376,377,3,1
377,378,3,1
378,379,3,1
379,380,3,1
380,381,3,1
381,382,3,1
382,383,3,1
383,384,3,1
384,385,3,0
385,386,3,0
386,387,3,0
387,388,3,1
388,389,3,1
389,390,3,1
390,391,3,1
391,392,3,1
392,393,3,1
393,394,3,1
394,395,3,1
395,396,3,1
396,397,3,1
397,398,3,1
398,399,3,1
399,400,3,1
400,401,3,1
401,402,3,1
402,403,3,1
403,404,3,1
404,405,3,1
405,406,3,1
406,407,3,1
407,408,3,1
408,409,3,1
409,410,3,1
410,411,3,1
411,412,3,0
412,413,3,1
413,414,3,1
414,415,3,1
415,416,3,1
416,417,3,1
417,418,3,1
418,419,3,1
419,420,3,1
420,421,3,1
421,422,3,0
422,423,3,1
423,424,3,1
424,425,3,1
425,426,3,1
426,427,3,1
427,428,3,1
428,429,3,1
429,430,3,1
430,431,3,1
431,432,3,1
432,433,3,1
433,434,3,1
434,435,3,1
435,436,3,0
436,437,3,1
437,438,3,1
438,439,3,0
439,440,3,1
440,441,3,1
441,442,3,0
442,443,3,1
443,444,3,1
444,445,3,1
445,446,3,1
446,447,3,1
447,448,3,1
448,449,3,1
449,450,3,1
450,451,3,1
451,452,3,1
452,453,3,1
453,454,3,1
454,455,3,1
455,456,3,1
456,457,3,1
457,458,3,1
458,459,3,1
459,460,3,0
460,461,3,1
461,462,3,0
462,463,3,0
463,464,3,1
464,465,3,1
465,466,3,0
466,467,3,1
467,468,3,1
468,469,3,1
469,470,3,1
470,471,3,1
471,472,3,0
472,473,3,1
473,474,3,1
474,475,3,1
475,476,3,1
476,477,3,1
477,478,3,1
478,479,3,1
479,480,3,1
480,481,3,1
481,482,3,1
482,483,3,1
483,484,3,0
484,485,3,1
485,486,3,1
486,487,3,1
487,488,3,1
488,489,3,1
489,490,3,1
490,491,3,1
491,492,3,0
492,493,3,1
493,494,3,0
494,495,3,1
495,496,3,1
496,497,3,1
497,498,3,1
498,499,3,0
499,500,3,0
0,1,4,1
1,2,4,0
2,3,4,1
3,4,4,1
4,5,4,1
5,6,4,1
6,7,4,0
7,8,4,1
8,9,4,1
9,10,4,1
10,11,4,1
11,12,4,1
12,13,4,1
13,14,4,1
14,15,4,1
15,16,4,1
16,17,4,1
17,18,4,1
18,19,4,1
19,20,4,0
20,21,4,1
21,22,4,1
22,23,4,1
23,24,4,1
24,25,4,1
25,26,4,1
26,27,4,1
27,28,4,1
28,29,4,1
29,30,4,1
30,31,4,1
31,32,4,0
32,33,4,1
33,34,4,1
34,35,4,0
35,36,4,1
36,37,4,1
37,38,4,1
38,39,4,1
39,40,4,1
40,41,4,1
41,42,4,0
42,43,4,0
43,44,4,1
44,45,4,0
45,46,4,0
46,47,4,0
47,48,4,1
48,49,4,1
49,50,4,1
50,51,4,0
51,52,4,1
52,53,4,1
53,54,4,1
54,55,4,1
55,56,4,1
56,57,4,1
57,58,4,1
58,59,4,1
59,60,4,1
60,61,4,1
61,62,4,1
62,63,4,1
63,64,4,1
64,65,4,1
65,66,4,0
66,67,4,0
67,68,4,1
68,69,4,1
69,70,4,1
70,71,4,1
71,72,4,1
72,73,4,1
73,74,4,0
74,75,4,0
75,76,4,1
76,77,4,1
77,78,4,1
78,79,4,1
79,80,4,1
80,81,4,1
81,82,4,1
82,83,4,1
83,84,4,1
84,85,4,1
85,86,4,1
86,87,4,1
87,88,4,0
88,89,4,0
89,90,4,1
90,91,4,1
91,92,4,1
92,93,4,1
93,94,4,0
94,95,4,1
95,96,4,1
96,97,4,1
97,98,4,0
98,99,4,0
99,100,4,1
100,101,4,1
101,102,4,1
102,103,4,1
103,104,4,1
104,105,4,1
105,106,4,1
106,107,4,0
107,108,4,0
108,109,4,1
109,110,4,0
110,111,4,1
111,112,4,1
112,113,4,1
113,114,4,1
114,115,4,1
115,116,4,1
116,117,4,1
117,118,4,1
118,119,4,0
119,120,4,1
120,121,4,1
121,122,4,1
122,123,4,1
123,124,4,1
124,125,4,1
125,126,4,1
126,127,4,1
127,128,4,1
128,129,4,0
129,130,4,1
130,131,4,1
131,132,4,1
132,133,4,0
133,134,4,1
134,135,4,1
135,136,4,1
136,137,4,1
137,138,4,1
138,139,4,1
139,140,4,1
140,141,4,1
141,142,4,1
142,143,4,1
143,144,4,1
144,145,4,1
145,146,4,0
146,147,4,0
147,148,4,1
148,149,4,1
149,150,4,0
150,151,4,1
151,152,4,0
152,153,4,1
153,154,4,1
154,155,4,0
155,156,4,1
156,157,4,1
157,158,4,0
158,159,4,1
159,160,4,1
160,161,4,1
161,162,4,0
162,163,4,1
163,164,4,1
164,165,4,1
165,166,4,1
166,167,4,1
167,168,4,1
168,169,4,1
169,170,4,0
170,171,4,1
171,172,4,0
172,173,4,1
173,174,4,1
174,175,4,1
175,176,4,1
176,177,4,1
177,178,4,1
178,179,4,1
179,180,4,0
180,181,4,0
181,182,4,1
182,183,4,0
183,184,4,1
184,185,4,1
185,186,4,1
186,187,4,1
187,188,4,1
188,189,4,1
189,190,4,1
190,191,4,1
191,192,4,1
192,193,4,1
193,194,4,1
194,195,4,1
195,196,4,0
196,197,4,0
197,198,4,1
198,199,4,0
199,200,4,1
200,201,4,0
201,202,4,1
202,203,4,1
203,204,4,1
204,205,4,0
205,206,4,1
206,207,4,1
207,208,4,1
208,209,4,1
209,210,4,1
210,211,4,0
211,212,4,1
212,213,4,0
213,214,4,1
214,215,4,1
215,216,4,0
216,217,4,1
217,218,4,1
218,219,4,0
219,220,4,1
220,221,4,1
221,222,4,1
222,223,4,1
223,224,4,1
224,225,4,1
225,226,4,1
226,227,4,1
227,228,4,0
228,229,4,1
229,230,4,1
230,231,4,0
231,232,4,1
232,233,4,0
233,234,4,1
234,235,4,1
235,236,4,1
236,237,4,1
237,238,4,0
238,239,4,1
239,240,4,1
240,241,4,0
241,242,4,1
242,243,4,1
243,244,4,1
244,245,4,0
245,246,4,1
246,247,4,1
247,248,4,1
248,249,4,1
249,250,4,1
250,251,4,1
251,252,4,1
252,253,4,1
253,254,4,0
254,255,4,0
255,256,4,1
256,257,4,0
257,258,4,0
258,259,4,0
259,260,4,1
260,261,4,1
261,262,4,1
262,263,4,0
263,264,4,0
264,265,4,0
265,266,4,1
266,267,4,0
267,268,4,1
268,269,4,1
269,270,4,0
270,271,4,1
271,272,4,0
272,273,4,1
273,274,4,1
274,275,4,1
275,276,4,1
276,277,4,1
277,278,4,0
278,279,4,1
279,280,4,1
280,281,4,1
281,282,4,1
282,283,4,1
283,284,4,0
284,285,4,1
285,286,4,1
286,287,4,1
287,288,4,1
288,289,4,1
289,290,4,0
290,291,4,0
291,292,4,1
292,293,4,0
293,294,4,1
294,295,4,0
295,296,4,0
296,297,4,1
297,298,4,1
298,299,4,1
299,300,4,0
300,301,4,1
301,302,4,0
302,303,4,0
303,304,4,1
304,305,4,1
305,306,4,1
306,307,4,1
307,308,4,1
308,309,4,1
309,310,4,1
310,311,4,1
311,312,4,1
312,313,4,0
313,314,4,1
314,315,4,1
315,316,4,1
316,317,4,1
317,318,4,1
318,319,4,1
319,320,4,0
320,321,4,1
321,322,4,1
322,323,4,1
323,324,4,0
324,325,4,1
325,326,4,1
326,327,4,1
327,328,4,1
328,329,4,1
329,330,4,1
330,331,4,0
331,332,4,1
332,333,4,1
333,334,4,1
334,335,4,1
335,336,4,0
336,337,4,1
337,338,4,1
338,339,4,1
339,340,4,1
340,341,4,1
341,342,4,1
342,343,4,1
343,344,4,1
344,345,4,0
345,346,4,1
346,347,4,1
347,348,4,1
348,349,4,1
349,350,4,0
350,351,4,0
351,352,4,0
352,353,4,1
353,354,4,1
354,355,4,1
355,356,4,0
356,357,4,1
357,358,4,1
358,359,4,1
359,360,4,1
360,361,4,0
361,362,4,1
362,363,4,0
363,364,4,1
364,365,4,1
365,366,4,1
366,367,4,1
367,368,4,1
368,369,4,1
369,370,4,0
370,371,4,1
371,372,4,1
372,373,4,1
373,374,4,1
374,375,4,1
375,376,4,1
376,377,4,0
377,378,4,1
378,379,4,1
379,380,4,0
380,381,4,0
381,382,4,1
382,383,4,1
383,384,4,1
384,385,4,0
385,386,4,0
386,387,4,0
387,388,4,1
388,389,4,1
389,390,4,1
390,391,4,0
391,392,4,1
392,393,4,1
393,394,4,0
394,395,4,1
395,396,4,1
396,397,4,0
397,398,4,0
398,399,4,1
399,400,4,1
400,401,4,1
401,402,4,1
402,403,4,1
403,404,4,1
404,405,4,1
405,406,4,1
406,407,4,1
407,408,4,1
408,409,4,1
409,410,4,1
410,411,4,1
411,412,4,0
412,413,4,1
413,414,4,0
414,415,4,0
415,416,4,1
416,417,4,1
417,418,4,1
418,419,4,0
419,420,4,0
420,421,4,1
421,422,4,0
422,423,4,1
423,424,4,1
424,425,4,1
425,426,4,1
426,427,4,1
427,428,4,1
428,429,4,1
429,430,4,1
430,431,4,1
431,432,4,1
432,433,4,1
433,434,4,1
434,435,4,1
435,436,4,0
436,437,4,1
437,438,4,1
438,439,4,0
439,440,4,1
440,441,4,1
441,442,4,0
442,443,4,1
443,444,4,1
444,445,4,1
445,446,4,1
446,447,4,1
447,448,4,1
448,449,4,1
449,450,4,0
450,451,4,0
451,452,4,0
452,453,4,1
453,454,4,1
454,455,4,1
455,456,4,1
456,457,4,1
457,458,4,1
458,459,4,1
459,460,4,0
460,461,4,0
461,462,4,0
462,463,4,0
463,464,4,1
464,465,4,0
465,466,4,0
466,467,4,1
467,468,4,0
468,469,4,1
469,470,4,1
470,471,4,1
471,472,4,0
472,473,4,0
473,474,4,1
474,475,4,1
475,476,4,1
476,477,4,1
477,478,4,1
478,479,4,0
479,480,4,1
480,481,4,1
481,482,4,1
482,483,4,0
483,484,4,0
484,485,4,1
485,486,4,1
486,487,4,1
487,488,4,1
488,489,4,1
489,490,4,1
490,491,4,1
491,492,4,0
492,493,4,1
493,494,4,0
494,495,4,1
495,496,4,1
496,497,4,1
497,498,4,1
498,499,4,0
499,500,4,0
0,1,5,1
1,2,5,0
2,3,5,1
3,4,5,1
4,5,5,1
5,6,5,1
6,7,5,0
7,8,5,1
8,9,5,1
9,10,5,1
10,11,5,1
11,12,5,1
12,13,5,1
13,14,5,1
14,15,5,1
15,16,5,1
16,17,5,1
17,18,5,1
18,19,5,1
19,20,5,0
20,21,5,1
21,22,5,1
22,23,5,1
23,24,5,1
24,25,5,1
25,26,5,1
26,27,5,1
27,28,5,1
28,29,5,1
29,30,5,1
30,31,5,1
31,32,5,0
32,33,5,1
33,34,5,1
34,35,5,0
35,36,5,1
36,37,5,1
37,38,5,1
38,39,5,1
39,40,5,1
40,41,5,1
41,42,5,0
42,43,5,0
43,44,5,1
44,45,5,0
45,46,5,0
46,47,5,0
47,48,5,1
48,49,5,1
49,50,5,1
50,51,5,0
51,52,5,1
52,53,5,1
53,54,5,1
54,55,5,1
55,56,5,1
56,57,5,1
57,58,5,1
58,59,5,1
59,60,5,1
60,61,5,1
61,62,5,1
62,63,5,1
63,64,5,1
64,65,5,1
65,66,5,0
66,67,5,0
67,68,5,1
68,69,5,1
69,70,5,1
70,71,5,1
71,72,5,1
72,73,5,1
73,74,5,0
74,75,5,0
75,76,5,1
76,77,5,1
77,78,5,1
78,79,5,1
79,80,5,1
80,81,5,1
81,82,5,1
82,83,5,1
83,84,5,1
84,85,5,1
85,86,5,1
86,87,5,1
87,88,5,0
88,89,5,0
89,90,5,1
90,91,5,1
91,92,5,1
92,93,5,1
93,94,5,0
94,95,5,1
95,96,5,1
96,97,5,1
97,98,5,0
98,99,5,0
99,100,5,1
100,101,5,1
101,102,5,1
102,103,5,1
103,104,5,1
104,105,5,1
105,106,5,1
106,107,5,0
107,108,5,0
108,109,5,1
109,110,5,0
110,111,5,1
111,112,5,1
112,113,5,1
113,114,5,1
114,115,5,1
115,116,5,1
116,117,5,1
117,118,5,1
118,119,5,0
119,120,5,1
120,121,5,1
121,122,5,1
122,123,5,1
123,124,5,1
124,125,5,1
125,126,5,1
126,127,5,1
127,128,5,1
128,129,5,0
129,130,5,1
130,131,5,1
131,132,5,1
132,133,5,0
133,134,5,1
134,135,5,1
135,136,5,1
136,137,5,1
137,138,5,1
138,139,5,1
139,140,5,1
140,141,5,1
141,142,5,1
142,143,5,1
143,144,5,1
144,145,5,1
145,146,5,0
146,147,5,0
147,148,5,1
148,149,5,1
149,150,5,0
150,151,5,1
151,152,5,0
152,153,5,1
153,154,5,1
154,155,5,0
155,156,5,1
156,157,5,1
157,158,5,0
158,159,5,1
159,160,5,1
160,161,5,1
161,162,5,0
162,163,5,1
163,164,5,1
164,165,5,1
165,166,5,1
166,167,5,1
167,168,5,1
168,169,5,1
169,170,5,0
170,171,5,1
171,172,5,0
172,173,5,1
173,174,5,1
174,175,5,1
175,176,5,1
176,177,5,1
177,178,5,1
178,179,5,1
179,180,5,0
180,181,5,0
181,182,5,1
182,183,5,0
183,184,5,1
184,185,5,1
185,186,5,1
186,187,5,1
187,188,5,1
188,189,5,1
189,190,5,1
190,191,5,1
191,192,5,1
192,193,5,0
193,194,5,1
194,195,5,1
195,196,5,0
196,197,5,0
197,198,5,1
198,199,5,0
199,200,5,1
200,201,5,0
201,202,5,1
202,203,5,1
203,204,5,1
204,205,5,0
205,206,5,1
206,207,5,1
207,208,5,1
208,209,5,1
209,210,5,1
210,211,5,0
211,212,5,1
212,213,5,0
213,214,5,1
214,215,5,1
215,216,5,0
216,217,5,1
217,218,5,1
218,219,5,0
219,220,5,1
220,221,5,1
221,222,5,1
222,223,5,1
223,224,5,1
224,225,5,1
225,226,5,1
226,227,5,1
227,228,5,0
228,229,5,1
229,230,5,1
230,231,5,0
231,232,5,1
232,233,5,0
233,234,5,1
234,235,5,1
235,236,5,1
236,237,5,1
237,238,5,0
238,239,5,1
239,240,5,1
240,241,5,0
241,242,5,1
242,243,5,1
243,244,5,1
244,245,5,0
245,246,5,1
246,247,5,1
247,248,5,1
248,249,5,1
249,250,5,1
250,251,5,1
251,252,5,1
252,253,5,1
253,254,5,0
254,255,5,0
255,256,5,1
256,257,5,0
257,258,5,0
258,259,5,0
259,260,5,1
260,261,5,1
261,262,5,1
262,263,5,0
263,264,5,0
264,265,5,0
265,266,5,1
266,267,5,0
267,268,5,1
268,269,5,1
269,270,5,0
270,271,5,1
271,272,5,0
272,273,5,1
273,274,5,1
274,275,5,1
275,276,5,1
276,277,5,1
277,278,5,0
278,279,5,1
279,280,5,1
280,281,5,1
281,282,5,1
282,283,5,1
283,284,5,0
284,285,5,1
285,286,5,1
286,287,5,1
287,288,5,1
288,289,5,1
289,290,5,0
290,291,5,0
291,292,5,1
292,293,5,0
293,294,5,1
294,295,5,0
295,296,5,0
296,297,5,1
297,298,5,0
298,299,5,1
299,300,5,0
300,301,5,1
301,302,5,0
302,303,5,0
303,304,5,1
304,305,5,1
305,306,5,1
306,307,5,1
307,308,5,1
308,309,5,1
309,310,5,0
310,311,5,1
311,312,5,1
312,313,5,0
313,314,5,1
314,315,5,1
315,316,5,1
316,317,5,1
317,318,5,1
318,319,5,1
319,320,5,0
320,321,5,1
321,322,5,1
322,323,5,1
323,324,5,0
324,325,5,1
325,326,5,1
326,327,5,1
327,328,5,1
328,329,5,1
329,330,5,1
330,331,5,0
331,332,5,1
332,333,5,1
333,334,5,1
334,335,5,1
335,336,5,0
336,337,5,1
337,338,5,1
338,339,5,1
339,340,5,1
340,341,5,1
341,342,5,1
342,343,5,1
343,344,5,1
344,345,5,0
345,346,5,1
346,347,5,1
347,348,5,1
348,349,5,1
349,350,5,0
350,351,5,0
351,352,5,0
352,353,5,1
353,354,5,1
354,355,5,1
355,356,5,0
356,357,5,1
357,358,5,1
358,359,5,1
359,360,5,1
360,361,5,0
361,362,5,1
362,363,5,0
363,364,5,0
364,365,5,1
365,366,5,1
366,367,5,1
367,368,5,1
368,369,5,1
369,370,5,0
370,371,5,1
371,372,5,1
372,373,5,1
373,374,5,1
374,375,5,1
375,376,5,1
376,377,5,0
377,378,5,1
378,379,5,1
379,380,5,0
380,381,5,0
381,382,5,1
382,383,5,1
383,384,5,1
384,385,5,0
385,386,5,0
386,387,5,0
387,388,5,1
388,389,5,1
389,390,5,1
390,391,5,0
391,392,5,1
392,393,5,1
393,394,5,0
394,395,5,1
395,396,5,1
396,397,5,0
397,398,5,0
398,399,5,1
399,400,5,1
400,401,5,1
401,402,5,1
402,403,5,1
403,404,5,1
404,405,5,1
405,406,5,1
406,407,5,1
407,408,5,1
408,409,5,1
409,410,5,1
410,411,5,1
411,412,5,0
412,413,5,1
413,414,5,0
414,415,5,0
415,416,5,1
416,417,5,1
417,418,5,1
418,419,5,0
419,420,5,0
420,421,5,1
421,422,5,0
422,423,5,1
423,424,5,1
424,425,5,1
425,426,5,1
426,427,5,1
427,428,5,1
428,429,5,1
429,430,5,1
430,431,5,1
431,432,5,1
432,433,5,1
433,434,5,1
434,435,5,1
435,436,5,0
436,437,5,1
437,438,5,1
438,439,5,0
439,440,5,1
440,441,5,1
441,442,5,0
442,443,5,1
443,444,5,1
444,445,5,1
445,446,5,1
446,447,5,1
447,448,5,1
448,449,5,1
449,450,5,0
450,451,5,0
451,452,5,0
452,453,5,1
453,454,5,1
454,455,5,1
455,456,5,1
456,457,5,1
457,458,5,1
458,459,5,1
459,460,5,0
460,461,5,0
461,462,5,0
462,463,5,0
463,464,5,1
464,465,5,0
465,466,5,0
466,467,5,1
467,468,5,0
468,469,5,1
469,470,5,1
470,471,5,1
471,472,5,0
472,473,5,0
473,474,5,1
474,475,5,1
475,476,5,1
476,477,5,1
477,478,5,1
478,479,5,0
479,480,5,1
480,481,5,1
481,482,5,1
482,483,5,0
483,484,5,0
484,485,5,1
485,486,5,1
486,487,5,1
487,488,5,1
488,489,5,1
489,490,5,1
490,491,5,1
491,492,5,0
492,493,5,1
493,494,5,0
494,495,5,1
495,496,5,1
496,497,5,1
497,498,5,1
498,499,5,0
499,500,5,0
0,1,6,1
1,2,6,0
2,3,6,1
3,4,6,1
4,5,6,1
5,6,6,1
6,7,6,0
7,8,6,1
8,9,6,1
9,10,6,1
10,11,6,1
11,12,6,1
12,13,6,1
13,14,6,1
14,15,6,1
15,16,6,1
16,17,6,1
17,18,6,1
18,19,6,1
19,20,6,0
20,21,6,1
21,22,6,1
22,23,6,1
23,24,6,1
24,25,6,1
25,26,6,1
26,27,6,1
27,28,6,1
28,29,6,1
29,30,6,1
30,31,6,1
31,32,6,0
32,33,6,1
33,34,6,1
34,35,6,0
35,36,6,1
36,37,6,1
37,38,6,1
38,39,6,1
39,40,6,1
40,41,6,1
41,42,6,0
42,43,6,0
43,44,6,1
44,45,6,0
45,46,6,0
46,47,6,0
47,48,6,1
48,49,6,1
49,50,6,1
50,51,6,0
51,52,6,1
52,53,6,1
53,54,6,1
54,55,6,1
55,56,6,1
56,57,6,1
57,58,6,1
58,59,6,1
59,60,6,1
60,61,6,1
61,62,6,1
62,63,6,1
63,64,6,1
64,65,6,1
65,66,6,0
66,67,6,0
67,68,6,1
68,69,6,1
69,70,6,1
70,71,6,1
71,72,6,1
72,73,6,1
73,74,6,0
74,75,6,0
75,76,6,1
76,77,6,1
77,78,6,1
78,79,6,1
79,80,6,1
80,81,6,1
81,82,6,1
82,83,6,1
83,84,6,1
84,85,6,1
85,86,6,1
86,87,6,1
87,88,6,0
88,89,6,0
89,90,6,1
90,91,6,1
91,92,6,1
92,93,6,1
93,94,6,0
94,95,6,1
95,96,6,1
96,97,6,1
97,98,6,0
98,99,6,0
99,100,6,1
100,101,6,1
101,102,6,1
102,103,6,1
103,104,6,1
104,105,6,1
105,106,6,1
106,107,6,0
107,108,6,0
108,109,6,1
109,110,6,0
110,111,6,1
111,112,6,1
112,113,6,1
113,114,6,1
114,115,6,1
115,116,6,1
116,117,6,1
117,118,6,1
118,119,6,0
119,120,6,1
120,121,6,1
121,122,6,1
122,123,6,1
123,124,6,1
124,125,6,1
125,126,6,1
126,127,6,1
127,128,6,1
128,129,6,0
129,130,6,1
130,131,6,1
131,132,6,1
132,133,6,0
133,134,6,1
134,135,6,1
135,136,6,1
136,137,6,1
137,138,6,1
138,139,6,1
139,140,6,1
140,141,6,1
141,142,6,1
142,143,6,1
143,144,6,1
144,145,6,1
145,146,6,0
146,147,6,0
147,148,6,1
148,149,6,1
149,150,6,0
150,151,6,1
151,152,6,0
152,153,6,1
153,154,6,1
154,155,6,0
155,156,6,1
156,157,6,1
157,158,6,0
158,159,6,1
159,160,6,1
160,161,6,1
161,162,6,0
162,163,6,1
163,164,6,1
164,165,6,1
165,166,6,1
166,167,6,1
167,168,6,1
168,169,6,1
169,170,6,0
170,171,6,1
171,172,6,0
172,173,6,1
173,174,6,1
174,175,6,1
175,176,6,1
176,177,6,1
177,178,6,1
178,179,6,1
179,180,6,0
180,181,6,0
181,182,6,1
182,183,6,0
183,184,6,1
184,185,6,1
185,186,6,1
186,187,6,1
187,188,6,1
188,189,6,1
189,190,6,1
190,191,6,1
191,192,6,1
192,193,6,0
193,194,6,1
194,195,6,1
195,196,6,0
196,197,6,0
197,198,6,1
198,199,6,0
199,200,6,1
200,201,6,0
201,202,6,1
202,203,6,1
203,204,6,1
204,205,6,0
205,206,6,1
206,207,6,1
207,208,6,1
208,209,6,1
209,210,6,1
210,211,6,0
211,212,6,1
212,213,6,0
213,214,6,1
214,215,6,1
215,216,6,0
216,217,6,1
217,218,6,1
218,219,6,0
219,220,6,1
220,221,6,1
221,222,6,1
222,223,6,1
223,224,6,1
224,225,6,1
225,226,6,1
226,227,6,1
227,228,6,0
228,229,6,1
229,230,6,1
230,231,6,0
231,232,6,1
232,233,6,0
233,234,6,1
234,235,6,1
235,236,6,1
236,237,6,1
237,238,6,0
238,239,6,1
239,240,6,1
240,241,6,0
241,242,6,1
242,243,6,1
243,244,6,1
244,245,6,0
245,246,6,1
246,247,6,1
247,248,6,1
248,249,6,1
249,250,6,1
250,251,6,0
251,252,6,1
252,253,6,1
253,254,6,0
254,255,6,0
255,256,6,1
256,257,6,0
257,258,6,0
258,259,6,0
259,260,6,1
260,261,6,1
261,262,6,1
262,263,6,0
263,264,6,0
264,265,6,0
265,266,6,1
266,267,6,0
267,268,6,1
268,269,6,1
269,270,6,0
270,271,6,1
271,272,6,0
272,273,6,1
273,274,6,1
274,275,6,1
275,276,6,1
276,277,6,1
277,278,6,0
278,279,6,1
279,280,6,1
280,281,6,1
281,282,6,1
282,283,6,1
283,284,6,0
284,285,6,1
285,286,6,1
286,287,6,1
287,288,6,1
288,289,6,1
289,290,6,0
290,291,6,0
291,292,6,1
292,293,6,0
293,294,6,1
294,295,6,0
295,296,6,0
296,297,6,1
297,298,6,0
298,299,6,1
299,300,6,0
300,301,6,1
301,302,6,0
302,303,6,0
303,304,6,1
304,305,6,1
305,306,6,1
306,307,6,1
307,308,6,1
308,309,6,1
309,310,6,0
310,311,6,1
311,312,6,1
312,313,6,0
313,314,6,1
314,315,6,1
315,316,6,1
316,317,6,1
317,318,6,1
318,319,6,1
319,320,6,0
320,321,6,1
321,322,6,1
322,323,6,1
323,324,6,0
324,325,6,1
325,326,6,1
326,327,6,1
327,328,6,1
328,329,6,1
329,330,6,1
330,331,6,0
331,332,6,1
332,333,6,1
333,334,6,1
334,335,6,1
335,336,6,0
336,337,6,1
337,338,6,1
338,339,6,1
339,340,6,1
340,341,6,1
341,342,6,1
342,343,6,1
343,344,6,0
344,345,6,0
345,346,6,1
346,347,6,1
347,348,6,1
348,349,6,1
349,350,6,0
350,351,6,0
351,352,6,0
352,353,6,1
353,354,6,1
354,355,6,1
355,356,6,0
356,357,6,1
357,358,6,1
358,359,6,1
359,360,6,1
360,361,6,0
361,362,6,1
362,363,6,0
363,364,6,0
364,365,6,1
365,366,6,1
366,367,6,1
367,368,6,1
368,369,6,1
369,370,6,0
370,371,6,1
371,372,6,1
372,373,6,1
373,374,6,1
374,375,6,1
375,376,6,1
376,377,6,0
377,378,6,1
378,379,6,1
379,380,6,0
380,381,6,0
381,382,6,1
382,383,6,1
383,384,6,1
384,385,6,0
385,386,6,0
386,387,6,0
387,388,6,1
388,389,6,1
389,390,6,1
390,391,6,0
391,392,6,1
392,393,6,1
393,394,6,0
394,395,6,1
395,396,6,1
396,397,6,0
397,398,6,0
398,399,6,1
399,400,6,1
400,401,6,1
401,402,6,1
402,403,6,1
403,404,6,1
404,405,6,1
405,406,6,1
406,407,6,1
407,408,6,1
408,409,6,1
409,410,6,1
410,411,6,1
411,412,6,0
412,413,6,1
413,414,6,0
414,415,6,0
415,416,6,1
416,417,6,1
417,418,6,1
418,419,6,0
419,420,6,0
420,421,6,1
421,422,6,0
422,423,6,1
423,424,6,1
424,425,6,1
425,426,6,1
426,427,6,1
427,428,6,1
428,429,6,1
429,430,6,1
430,431,6,1
431,432,6,1
432,433,6,1
433,434,6,1
434,435,6,1
435,436,6,0
436,437,6,1
437,438,6,1
438,439,6,0
439,440,6,1
440,441,6,1
441,442,6,0
442,443,6,1
443,444,6,1
444,445,6,1
445,446,6,1
446,447,6,1
447,448,6,1
448,449,6,1
449,450,6,0
450,451,6,0
451,452,6,0
452,453,6,1
453,454,6,1
454,455,6,1
455,456,6,1
456,457,6,1
457,458,6,1
458,459,6,1
459,460,6,0
460,461,6,0
461,462,6,0
462,463,6,0
463,464,6,1
464,465,6,0
465,466,6,0
466,467,6,1
467,468,6,0
468,469,6,1
469,470,6,1
470,471,6,1
471,472,6,0
472,473,6,0
473,474,6,1
474,475,6,1
475,476,6,1
476,477,6,1
477,478,6,1
478,479,6,0
479,480,6,1
480,481,6,1
481,482,6,1
482,483,6,0
483,484,6,0
484,485,6,1
485,486,6,1
486,487,6,1
487,488,6,1
488,489,6,1
489,490,6,1
490,491,6,1
491,492,6,0
492,493,6,1
493,494,6,0
494,495,6,1
495,496,6,1
496,497,6,1
497,498,6,1
498,499,6,0
499,500,6,0
0,1,7,1
1,2,7,0
2,3,7,1
3,4,7,1
4,5,7,1
5,6,7,1
6,7,7,0
7,8,7,1
8,9,7,1
9,10,7,1
10,11,7,1
11,12,7,1
12,13,7,1
13,14,7,1
14,15,7,1
15,16,7,1
16,17,7,1
17,18,7,1
18,19,7,1
19,20,7,0
20,21,7,1
21,22,7,1
22,23,7,1
23,24,7,1
24,25,7,1
25,26,7,1
26,27,7,1
27,28,7,1
28,29,7,1
29,30,7,1
30,31,7,1
31,32,7,0
32,33,7,1
33,34,7,1
34,35,7,0
35,36,7,1
36,37,7,1
37,38,7,1
38,39,7,1
39,40,7,1
40,41,7,1
41,42,7,0
42,43,7,0
43,44,7,1
44,45,7,0
45,46,7,0
46,47,7,0
47,48,7,1
48,49,7,1
49,50,7,1
50,51,7,0
51,52,7,1
52,53,7,1
53,54,7,1
54,55,7,1
55,56,7,1
56,57,7,1
57,58,7,1
58,59,7,1
59,60,7,1
60,61,7,1
61,62,7,1
62,63,7,1
63,64,7,1
64,65,7,1
65,66,7,0
66,67,7,0
67,68,7,1
68,69,7,1
69,70,7,1
70,71,7,1
71,72,7,1
72,73,7,1
73,74,7,0
74,75,7,0
75,76,7,1
76,77,7,1
77,78,7,1
78,79,7,1
79,80,7,1
80,81,7,1
81,82,7,1
82,83,7,1
83,84,7,1
84,85,7,1
85,86,7,1
86,87,7,1
87,88,7,0
88,89,7,0
89,90,7,1
90,91,7,1
91,92,7,1
92,93,7,1
93,94,7,0
94,95,7,1
95,96,7,1
96,97,7,1
97,98,7,0
98,99,7,0
99,100,7,1
100,101,7,1
101,102,7,1
102,103,7,1
103,104,7,1
104,105,7,1
105,106,7,1
106,107,7,0
107,108,7,0
108,109,7,1
109,110,7,0
110,111,7,1
111,112,7,1
112,113,7,1
113,114,7,1
114,115,7,1
115,116,7,1
116,117,7,1
117,118,7,1
118,119,7,0
119,120,7,1
120,121,7,1
121,122,7,1
122,123,7,1
123,124,7,1
124,125,7,1
125,126,7,1
126,127,7,1
127,128,7,1
128,129,7,0
129,130,7,1
130,131,7,1
131,132,7,1
132,133,7,0
133,134,7,1
134,135,7,1
135,136,7,1
136,137,7,1
137,138,7,1
138,139,7,1
139,140,7,1
140,141,7,1
141,142,7,1
142,143,7,1
143,144,7,1
144,145,7,0
145,146,7,0
146,147,7,0
147,148,7,1
148,149,7,1
149,150,7,0
150,151,7,1
151,152,7,0
152,153,7,1
153,154,7,1
154,155,7,0
155,156,7,1
156,157,7,1
157,158,7,0
158,159,7,1
159,160,7,1
160,161,7,1
161,162,7,0
162,163,7,1
163,164,7,1
164,165,7,1
165,166,7,1
166,167,7,1
167,168,7,1
168,169,7,1
169,170,7,0
170,171,7,1
171,172,7,0
172,173,7,1
173,174,7,1
174,175,7,1
175,176,7,1
176,177,7,1
177,178,7,1
178,179,7,1
179,180,7,0
180,181,7,0
181,182,7,1
182,183,7,0
183,184,7,1
184,185,7,1
185,186,7,1
186,187,7,1
187,188,7,1
188,189,7,1
189,190,7,1
190,191,7,1
191,192,7,1
192,193,7,0
193,194,7,1
194,195,7,1
195,196,7,0
196,197,7,0
197,198,7,1
198,199,7,0
199,200,7,1
200,201,7,0
201,202,7,1
202,203,7,1
203,204,7,1
204,205,7,0
205,206,7,1
206,207,7,1
207,208,7,1
208,209,7,1
209,210,7,1
210,211,7,0
211,212,7,1
212,213,7,0
213,214,7,1
214,215,7,1
215,216,7,0
216,217,7,1
217,218,7,1
218,219,7,0
219,220,7,1
220,221,7,1
221,222,7,1
222,223,7,1
223,224,7,1
224,225,7,1
225,226,7,1
226,227,7,1
227,228,7,0
228,229,7,1
229,230,7,1
230,231,7,0
231,232,7,1
232,233,7,0
233,234,7,1
234,235,7,1
235,236,7,1
236,237,7,1
237,238,7,0
238,239,7,1
239,240,7,1
240,241,7,0
241,242,7,1
242,243,7,1
243,244,7,1
244,245,7,0
245,246,7,1
246,247,7,1
247,248,7,1
248,249,7,1
249,250,7,1
250,251,7,0
251,252,7,1
252,253,7,1
253,254,7,0
254,255,7,0
255,256,7,1
256,257,7,0
257,258,7,0
258,259,7,0
259,260,7,1
260,261,7,1
261,262,7,1
262,263,7,0
263,264,7,0
264,265,7,0
265,266,7,1
266,267,7,0
267,268,7,1
268,269,7,1
269,270,7,0
270,271,7,1
271,272,7,0
272,273,7,1
273,274,7,1
274,275,7,1
275,276,7,1
276,277,7,1
277,278,7,0
278,279,7,1
279,280,7,1
280,281,7,1
281,282,7,1
282,283,7,1
283,284,7,0
284,285,7,1
285,286,7,1
286,287,7,1
287,288,7,1
288,289,7,1
289,290,7,0
290,291,7,0
291,292,7,1
292,293,7,0
293,294,7,1
294,295,7,0
295,296,7,0
296,297,7,1
297,298,7,0
298,299,7,1
299,300,7,0
300,301,7,1
301,302,7,0
302,303,7,0
303,304,7,1
304,305,7,1
305,306,7,1
306,307,7,1
307,308,7,0
308,309,7,1
309,310,7,0
310,311,7,1
311,312,7,1
312,313,7,0
313,314,7,1
314,315,7,1
315,316,7,1
316,317,7,1
317,318,7,1
318,319,7,1
319,320,7,0
320,321,7,1
321,322,7,1
322,323,7,1
323,324,7,0
324,325,7,1
325,326,7,1
326,327,7,1
327,328,7,1
328,329,7,1
329,330,7,1
330,331,7,0
331,332,7,1
332,333,7,1
333,334,7,1
334,335,7,1
335,336,7,0
336,337,7,1
337,338,7,1
338,339,7,1
339,340,7,1
340,341,7,1
341,342,7,1
342,343,7,1
343,344,7,0
344,345,7,0
345,346,7,1
346,347,7,1
347,348,7,1
348,349,7,1
349,350,7,0
350,351,7,0
351,352,7,0
352,353,7,1
353,354,7,1
354,355,7,1
355,356,7,0
356,357,7,1
357,358,7,1
358,359,7,1
359,360,7,1
360,361,7,0
361,362,7,1
362,363,7,0
363,364,7,0
364,365,7,1
365,366,7,1
366,367,7,1
367,368,7,1
368,369,7,1
369,370,7,0
370,371,7,1
371,372,7,1
372,373,7,1
373,374,7,1
374,375,7,1
375,376,7,1
376,377,7,0
377,378,7,1
378,379,7,1
379,380,7,0
380,381,7,0
381,382,7,1
382,383,7,1
383,384,7,1
384,385,7,0
385,386,7,0
386,387,7,0
387,388,7,1
388,389,7,1
389,390,7,1
390,391,7,0
391,392,7,1
392,393,7,1
393,394,7,0
394,395,7,1
395,396,7,1
396,397,7,0
397,398,7,0
398,399,7,1
399,400,7,1
400,401,7,1
401,402,7,1
402,403,7,1
403,404,7,1
404,405,7,1
405,406,7,1
406,407,7,1
407,408,7,1
408,409,7,1
409,410,7,1
410,411,7,1
411,412,7,0
412,413,7,1
413,414,7,0
414,415,7,0
415,416,7,1
416,417,7,1
417,418,7,1
418,419,7,0
419,420,7,0
420,421,7,1
421,422,7,0
422,423,7,1
423,424,7,1
424,425,7,1
425,426,7,1
426,427,7,1
427,428,7,1
428,429,7,1
429,430,7,1
430,431,7,1
431,432,7,1
432,433,7,1
433,434,7,1
434,435,7,1
435,436,7,0
436,437,7,1
437,438,7,1
438,439,7,0
439,440,7,1
440,441,7,1
441,442,7,0
442,443,7,1
443,444,7,1
444,445,7,1
445,446,7,1
446,447,7,1
447,448,7,1
448,449,7,1
449,450,7,0
450,451,7,0
451,452,7,0
452,453,7,1
453,454,7,1
454,455,7,1
455,456,7,1
456,457,7,1
457,458,7,1
458,459,7,1
459,460,7,0
460,461,7,0
461,462,7,0
462,463,7,0
463,464,7,1
464,465,7,0
465,466,7,0
466,467,7,1
467,468,7,0
468,469,7,1
469,470,7,1
470,471,7,1
471,472,7,0
472,473,7,0
473,474,7,1
474,475,7,1
475,476,7,1
476,477,7,1
477,478,7,1
478,479,7,0
479,480,7,1
480,481,7,1
481,482,7,1
482,483,7,0
483,484,7,0
484,485,7,1
485,486,7,1
486,487,7,1
487,488,7,1
488,489,7,1
489,490,7,1
490,491,7,1
491,492,7,0
492,493,7,1
493,494,7,0
494,495,7,1
495,496,7,1
496,497,7,1
497,498,7,1
498,499,7,0
499,500,7,0
0,1,8,1
1,2,8,0
2,3,8,1
3,4,8,1
4,5,8,1
5,6,8,1
6,7,8,0
7,8,8,1
8,9,8,1
9,10,8,1
10,11,8,1
11,12,8,1
12,13,8,1
13,14,8,1
14,15,8,1
15,16,8,1
16,17,8,1
17,18,8,1
18,19,8,1
19,20,8,0
20,21,8,1
21,22,8,1
22,23,8,1
23,24,8,1
24,25,8,1
25,26,8,1
26,27,8,1
27,28,8,1
28,29,8,1
29,30,8,1
30,31,8,1
31,32,8,0
32,33,8,1
33,34,8,1
34,35,8,0
35,36,8,1
36,37,8,1
37,38,8,1
38,39,8,1
39,40,8,1
40,41,8,1
41,42,8,0
42,43,8,0
43,44,8,1
44,45,8,0
45,46,8,0
46,47,8,0
47,48,8,1
48,49,8,1
49,50,8,1
50,51,8,0
51,52,8,1
52,53,8,0
53,54,8,1
54,55,8,1
55,56,8,1
56,57,8,1
57,58,8,1
58,59,8,1
59,60,8,1
60,61,8,1
61,62,8,0
62,63,8,1
63,64,8,1
64,65,8,1
65,66,8,0
66,67,8,0
67,68,8,1
68,69,8,1
69,70,8,1
70,71,8,1
71,72,8,1
72,73,8,1
73,74,8,0
74,75,8,0
75,76,8,1
76,77,8,1
77,78,8,1
78,79,8,1
79,80,8,1
80,81,8,1
81,82,8,1
82,83,8,1
83,84,8,1
84,85,8,1
85,86,8,1
86,87,8,1
87,88,8,0
88,89,8,0
89,90,8,1
90,91,8,1
91,92,8,1
92,93,8,1
93,94,8,0
94,95,8,1
95,96,8,1
96,97,8,1
97,98,8,0
98,99,8,0
99,100,8,1
100,101,8,1
101,102,8,1
102,103,8,1
103,104,8,1
104,105,8,1
105,106,8,1
106,107,8,0
107,108,8,0
108,109,8,1
109,110,8,0
110,111,8,1
111,112,8,1
112,113,8,1
113,114,8,1
114,115,8,1
115,116,8,1
116,117,8,1
117,118,8,1
118,119,8,0
119,120,8,1
120,121,8,1
121,122,8,1
122,123,8,1
123,124,8,1
124,125,8,1
125,126,8,1
126,127,8,1
127,128,8,1
128,129,8,0
129,130,8,1
130,131,8,1
131,132,8,1
132,133,8,0
133,134,8,1
134,135,8,1
135,136,8,1
136,137,8,1
137,138,8,1
138,139,8,1
139,140,8,1
140,141,8,1
141,142,8,1
142,143,8,1
143,144,8,1
144,145,8,0
145,146,8,0
146,147,8,0
147,148,8,1
148,149,8,1
149,150,8,0
150,151,8,1
151,152,8,0
152,153,8,1
153,154,8,1
154,155,8,0
155,156,8,0
156,157,8,1
157,158,8,0
158,159,8,1
159,160,8,1
160,161,8,1
161,162,8,0
162,163,8,1
163,164,8,1
164,165,8,1
165,166,8,1
166,167,8,1
167,168,8,1
168,169,8,1
169,170,8,0
170,171,8,1
171,172,8,0
172,173,8,1
173,174,8,1
174,175,8,1
175,176,8,1
176,177,8,1
177,178,8,1
178,179,8,1
179,180,8,0
180,181,8,0
181,182,8,1
182,183,8,0
183,184,8,1
184,185,8,1
185,186,8,1
186,187,8,1
187,188,8,1
188,189,8,1
189,190,8,1
190,191,8,1
191,192,8,1
192,193,8,0
193,194,8,1
194,195,8,1
195,196,8,0
196,197,8,0
197,198,8,1
198,199,8,0
199,200,8,1
200,201,8,0
201,202,8,1
202,203,8,1
203,204,8,1
204,205,8,0
205,206,8,1
206,207,8,1
207,208,8,1
208,209,8,1
209,210,8,1
210,211,8,0
211,212,8,1
212,213,8,0
213,214,8,1
214,215,8,1
215,216,8,0
216,217,8,1
217,218,8,1
218,219,8,0
219,220,8,1
220,221,8,1
221,222,8,1
222,223,8,1
223,224,8,1
224,225,8,1
225,226,8,1
226,227,8,1
227,228,8,0
228,229,8,1
229,230,8,1
230,231,8,0
231,232,8,1
232,233,8,0
233,234,8,1
234,235,8,1
235,236,8,1
236,237,8,1
237,238,8,0
238,239,8,1
239,240,8,1
240,241,8,0
241,242,8,1
242,243,8,1
243,244,8,1
244,245,8,0
245,246,8,1
246,247,8,1
247,248,8,1
248,249,8,1
249,250,8,1
250,251,8,0
251,252,8,1
252,253,8,1
253,254,8,0
254,255,8,0
255,256,8,1
256,257,8,0
257,258,8,0
258,259,8,0
259,260,8,1
260,261,8,1
261,262,8,1
262,263,8,0
263,264,8,0
264,265,8,0
265,266,8,1
266,267,8,0
267,268,8,1
268,269,8,1
269,270,8,0
270,271,8,1
271,272,8,0
272,273,8,1
273,274,8,1
274,275,8,1
275,276,8,1
276,277,8,1
277,278,8,0
278,279,8,1
279,280,8,1
280,281,8,1
281,282,8,1
282,283,8,1
283,284,8,0
284,285,8,1
285,286,8,1
286,287,8,1
287,288,8,1
288,289,8,1
289,290,8,0
290,291,8,0
291,292,8,1
292,293,8,0
293,294,8,1
294,295,8,0
295,296,8,0
296,297,8,1
297,298,8,0
298,299,8,1
299,300,8,0
300,301,8,1
301,302,8,0
302,303,8,0
303,304,8,1
304,305,8,1
305,306,8,1
306,307,8,1
307,308,8,0
308,309,8,1
309,310,8,0
310,311,8,1
311,312,8,1
312,313,8,0
313,314,8,1
314,315,8,1
315,316,8,1
316,317,8,1
317,318,8,1
318,319,8,1
319,320,8,0
320,321,8,1
321,322,8,1
322,323,8,1
323,324,8,0
324,325,8,1
325,326,8,1
326,327,8,1
327,328,8,1
328,329,8,1
329,330,8,1
330,331,8,0
331,332,8,1
332,333,8,1
333,334,8,1
334,335,8,1
335,336,8,0
336,337,8,1
337,338,8,1
338,339,8,1
339,340,8,1
340,341,8,1
341,342,8,1
342,343,8,0
343,344,8,0
344,345,8,0
345,346,8,1
346,347,8,1
347,348,8,1
348,349,8,1
349,350,8,0
350,351,8,0
351,352,8,0
352,353,8,0
353,354,8,1
354,355,8,1
355,356,8,0
356,357,8,1
357,358,8,1
358,359,8,1
359,360,8,1
360,361,8,0
361,362,8,1
362,363,8,0
363,364,8,0
364,365,8,1
365,366,8,1
366,367,8,1
367,368,8,1
368,369,8,1
369,370,8,0
370,371,8,1
371,372,8,1
372,373,8,1
373,374,8,1
374,375,8,1
375,376,8,1
376,377,8,0
377,378,8,1
378,379,8,1
379,380,8,0
380,381,8,0
381,382,8,1
382,383,8,1
383,384,8,1
384,385,8,0
385,386,8,0
386,387,8,0
387,388,8,1
388,389,8,1
389,390,8,1
390,391,8,0
391,392,8,1
392,393,8,1
393,394,8,0
394,395,8,1
395,396,8,1
396,397,8,0
397,398,8,0
398,399,8,1
399,400,8,1
400,401,8,1
401,402,8,1
402,403,8,1
403,404,8,1
404,405,8,1
405,406,8,1
406,407,8,1
407,408,8,1
408,409,8,1
409,410,8,1
410,411,8,1
411,412,8,0
412,413,8,1
413,414,8,0
414,415,8,0
415,416,8,1
416,417,8,1
417,418,8,1
418,419,8,0
419,420,8,0
420,421,8,1
421,422,8,0
422,423,8,1
423,424,8,1
424,425,8,1
425,426,8,1
426,427,8,1
427,428,8,1
428,429,8,1
429,430,8,1
430,431,8,1
431,432,8,1
432,433,8,1
433,434,8,1
434,435,8,1
435,436,8,0
436,437,8,1
437,438,8,0
438,439,8,0
439,440,8,1
440,441,8,1
441,442,8,0
442,443,8,1
443,444,8,1
444,445,8,1
445,446,8,1
446,447,8,1
447,448,8,1
448,449,8,1
449,450,8,0
450,451,8,0
451,452,8,0
452,453,8,1
453,454,8,1
454,455,8,1
455,456,8,1
456,457,8,1
457,458,8,1
458,459,8,1
459,460,8,0
460,461,8,0
461,462,8,0
462,463,8,0
463,464,8,1
464,465,8,0
465,466,8,0
466,467,8,1
467,468,8,0
468,469,8,1
469,470,8,1
470,471,8,1
471,472,8,0
472,473,8,0
473,474,8,1
474,475,8,1
475,476,8,1
476,477,8,1
477,478,8,1
478,479,8,0
479,480,8,1
480,481,8,1
481,482,8,1
482,483,8,0
483,484,8,0
484,485,8,1
485,486,8,1
486,487,8,1
487,488,8,1
488,489,8,1
489,490,8,1
490,491,8,1
491,492,8,0
492,493,8,1
493,494,8,0
494,495,8,1
495,496,8,1
496,497,8,1
497,498,8,1
498,499,8,0
499,500,8,0
0,1,9,1
1,2,9,0
2,3,9,1
3,4,9,1
4,5,9,1
5,6,9,1
6,7,9,0
7,8,9,1
8,9,9,1
9,10,9,1
10,11,9,1
11,12,9,1
12,13,9,1
13,14,9,1
14,15,9,1
15,16,9,1
16,17,9,0
17,18,9,1
18,19,9,1
19,20,9,0
20,21,9,1
21,22,9,1
22,23,9,1
23,24,9,1
24,25,9,1
25,26,9,1
26,27,9,1
27,28,9,1
28,29,9,1
29,30,9,1
30,31,9,1
31,32,9,0
32,33,9,1
33,34,9,1
34,35,9,0
35,36,9,1
36,37,9,1
37,38,9,1
38,39,9,1
39,40,9,1
40,41,9,1
41,42,9,0
42,43,9,0
43,44,9,1
44,45,9,0
45,46,9,0
46,47,9,0
47,48,9,1
48,49,9,0
49,50,9,1
50,51,9,0
51,52,9,1
52,53,9,0
53,54,9,1
54,55,9,1
55,56,9,1
56,57,9,1
57,58,9,1
58,59,9,1
59,60,9,1
60,61,9,1
61,62,9,0
62,63,9,1
63,64,9,1
64,65,9,1
65,66,9,0
66,67,9,0
67,68,9,1
68,69,9,1
69,70,9,1
70,71,9,1
71,72,9,1
72,73,9,1
73,74,9,0
74,75,9,0
75,76,9,0
76,77,9,0
77,78,9,1
78,79,9,1
79,80,9,1
80,81,9,1
81,82,9,1
82,83,9,1
83,84,9,1
84,85,9,1
85,86,9,1
86,87,9,1
87,88,9,0
88,89,9,0
89,90,9,1
90,91,9,1
91,92,9,1
92,93,9,1
93,94,9,0
94,95,9,1
95,96,9,1
96,97,9,1
97,98,9,0
98,99,9,0
99,100,9,1
100,101,9,1
101,102,9,1
102,103,9,1
103,104,9,1
104,105,9,1
105,106,9,1
106,107,9,0
107,108,9,0
108,109,9,1
109,110,9,0
110,111,9,1
111,112,9,1
112,113,9,1
113,114,9,1
114,115,9,1
115,116,9,1
116,117,9,1
117,118,9,1
118,119,9,0
119,120,9,1
120,121,9,1
121,122,9,1
122,123,9,1
123,124,9,1
124,125,9,1
125,126,9,1
126,127,9,1
127,128,9,1
128,129,9,0
129,130,9,1
130,131,9,1
131,132,9,1
132,133,9,0
133,134,9,1
134,135,9,1
135,136,9,1
136,137,9,1
137,138,9,1
138,139,9,1
139,140,9,1
140,141,9,1
141,142,9,1
142,143,9,1
143,144,9,1
144,145,9,0
145,146,9,0
146,147,9,0
147,148,9,1
148,149,9,1
149,150,9,0
150,151,9,0
151,152,9,0
152,153,9,1
153,154,9,1
154,155,9,0
155,156,9,0
156,157,9,1
157,158,9,0
158,159,9,1
159,160,9,1
160,161,9,1
161,162,9,0
162,163,9,1
163,164,9,1
164,165,9,1
165,166,9,1
166,167,9,1
167,168,9,1
168,169,9,1
169,170,9,0
170,171,9,1
171,172,9,0
172,173,9,1
173,174,9,1
174,175,9,1
175,176,9,1
176,177,9,1
177,178,9,1
178,179,9,1
179,180,9,0
180,181,9,0
181,182,9,1
182,183,9,0
183,184,9,1
184,185,9,1
185,186,9,1
186,187,9,1
187,188,9,1
188,189,9,1
189,190,9,1
190,191,9,1
191,192,9,1
192,193,9,0
193,194,9,1
194,195,9,1
195,196,9,0
196,197,9,0
197,198,9,1
198,199,9,0
199,200,9,1
200,201,9,0
201,202,9,1
202,203,9,1
203,204,9,1
204,205,9,0
205,206,9,1
206,207,9,1
207,208,9,1
208,209,9,1
209,210,9,1
210,211,9,0
211,212,9,1
212,213,9,0
213,214,9,1
214,215,9,1
215,216,9,0
216,217,9,1
217,218,9,1
218,219,9,0
219,220,9,1
220,221,9,1
221,222,9,1
222,223,9,1
223,224,9,1
224,225,9,1
225,226,9,1
226,227,9,1
227,228,9,0
228,229,9,1
229,230,9,1
230,231,9,0
231,232,9,1
232,233,9,0
233,234,9,1
234,235,9,1
235,236,9,1
236,237,9,1
237,238,9,0
238,239,9,1
239,240,9,1
240,241,9,0
241,242,9,1
242,243,9,1
243,244,9,1
244,245,9,0
245,246,9,1
246,247,9,1
247,248,9,1
248,249,9,1
249,250,9,1
250,251,9,0
251,252,9,1
252,253,9,1
253,254,9,0
254,255,9,0
255,256,9,1
256,257,9,0
257,258,9,0
258,259,9,0
259,260,9,1
260,261,9,1
261,262,9,1
262,263,9,0
263,264,9,0
264,265,9,0
265,266,9,1
266,267,9,0
267,268,9,1
268,269,9,1
269,270,9,0
270,271,9,1
271,272,9,0
272,273,9,1
273,274,9,1
274,275,9,1
275,276,9,1
276,277,9,1
277,278,9,0
278,279,9,1
279,280,9,1
280,281,9,1
281,282,9,1
282,283,9,1
283,284,9,0
284,285,9,1
285,286,9,1
286,287,9,1
287,288,9,1
288,289,9,1
289,290,9,0
290,291,9,0
291,292,9,0
292,293,9,0
293,294,9,1
294,295,9,0
295,296,9,0
296,297,9,1
297,298,9,0
298,299,9,0
299,300,9,0
300,301,9,1
301,302,9,0
302,303,9,0
303,304,9,1
304,305,9,1
305,306,9,1
306,307,9,1
307,308,9,0
308,309,9,1
309,310,9,0
310,311,9,1
311,312,9,1
312,313,9,0
313,314,9,1
314,315,9,1
315,316,9,1
316,317,9,1
317,318,9,1
318,319,9,1
319,320,9,0
320,321,9,1
321,322,9,1
322,323,9,1
323,324,9,0
324,325,9,1
325,326,9,1
326,327,9,1
327,328,9,1
328,329,9,1
329,330,9,1
330,331,9,0
331,332,9,1
332,333,9,1
333,334,9,1
334,335,9,1
335,336,9,0
336,337,9,1
337,338,9,1
338,339,9,1
339,340,9,1
340,341,9,1
341,342,9,1
342,343,9,0
343,344,9,0
344,345,9,0
345,346,9,1
346,347,9,1
347,348,9,0
348,349,9,1
349,350,9,0
350,351,9,0
351,352,9,0
352,353,9,0
353,354,9,1
354,355,9,1
355,356,9,0
356,357,9,1
357,358,9,1
358,359,9,1
359,360,9,1
360,361,9,0
361,362,9,1
362,363,9,0
363,364,9,0
364,365,9,1
365,366,9,1
366,367,9,0
367,368,9,1
368,369,9,1
369,370,9,0
370,371,9,1
371,372,9,1
372,373,9,1
373,374,9,1
374,375,9,1
375,376,9,1
376,377,9,0
377,378,9,1
378,379,9,1
379,380,9,0
380,381,9,0
381,382,9,1
382,383,9,1
383,384,9,1
384,385,9,0
385,386,9,0
386,387,9,0
387,388,9,1
388,389,9,1
389,390,9,1
390,391,9,0
391,392,9,1
392,393,9,1
393,394,9,0
394,395,9,1
395,396,9,1
396,397,9,0
397,398,9,0
398,399,9,1
399,400,9,1
400,401,9,1
401,402,9,1
402,403,9,1
403,404,9,1
404,405,9,1
405,406,9,1
406,407,9,1
407,408,9,1
408,409,9,1
409,410,9,1
410,411,9,0
411,412,9,0
412,413,9,1
413,414,9,0
414,415,9,0
415,416,9,1
416,417,9,1
417,418,9,1
418,419,9,0
419,420,9,0
420,421,9,1
421,422,9,0
422,423,9,1
423,424,9,1
424,425,9,1
425,426,9,1
426,427,9,1
427,428,9,1
428,429,9,1
429,430,9,1
430,431,9,1
431,432,9,1
432,433,9,1
433,434,9,1
434,435,9,1
435,436,9,0
436,437,9,1
437,438,9,0
438,439,9,0
439,440,9,1
440,441,9,1
441,442,9,0
442,443,9,1
443,444,9,1
444,445,9,1
445,446,9,1
446,447,9,1
447,448,9,1
448,449,9,1
449,450,9,0
450,451,9,0
451,452,9,0
452,453,9,1
453,454,9,0
454,455,9,1
455,456,9,1
456,457,9,1
457,458,9,0
458,459,9,1
459,460,9,0
460,461,9,0
461,462,9,0
462,463,9,0
463,464,9,1
464,465,9,0
465,466,9,0
466,467,9,1
467,468,9,0
468,469,9,1
469,470,9,1
470,471,9,1
471,472,9,0
472,473,9,0
473,474,9,1
474,475,9,1
475,476,9,1
476,477,9,1
477,478,9,1
478,479,9,0
479,480,9,1
480,481,9,1
481,482,9,1
482,483,9,0
483,484,9,0
484,485,9,1
485,486,9,1
486,487,9,1
487,488,9,1
488,489,9,1
489,490,9,1
490,491,9,1
491,492,9,0
492,493,9,1
493,494,9,0
494,495,9,1
495,496,9,1
496,497,9,1
497,498,9,1
498,499,9,0
499,500,9,0
0,1,10,1
1,2,10,0
2,3,10,1
3,4,10,1
4,5,10,0
5,6,10,1
6,7,10,0
7,8,10,1
8,9,10,1
9,10,10,1
10,11,10,1
11,12,10,1
12,13,10,1
13,14,10,0
14,15,10,1
15,16,10,1
16,17,10,0
17,18,10,1
18,19,10,1
19,20,10,0
20,21,10,1
21,22,10,1
22,23,10,0
23,24,10,1
24,25,10,1
25,26,10,1
26,27,10,1
27,28,10,1
28,29,10,1
29,30,10,1
30,31,10,0
31,32,10,0
32,33,10,1
33,34,10,1
34,35,10,0
35,36,10,1
36,37,10,1
37,38,10,1
38,39,10,1
39,40,10,1
40,41,10,1
41,42,10,0
42,43,10,0
43,44,10,1
44,45,10,0
45,46,10,0
46,47,10,0
47,48,10,1
48,49,10,0
49,50,10,1
50,51,10,0
51,52,10,1
52,53,10,0
53,54,10,1
54,55,10,1
55,56,10,1
56,57,10,1
57,58,10,1
58,59,10,1
59,60,10,0
60,61,10,1
61,62,10,0
62,63,10,1
63,64,10,1
64,65,10,1
65,66,10,0
66,67,10,0
67,68,10,1
68,69,10,1
69,70,10,1
70,71,10,1
71,72,10,1
72,73,10,1
73,74,10,0
74,75,10,0
75,76,10,0
76,77,10,0
77,78,10,1
78,79,10,0
79,80,10,1
80,81,10,1
81,82,10,1
82,83,10,1
83,84,10,1
84,85,10,1
85,86,10,1
86,87,10,1
87,88,10,0
88,89,10,0
89,90,10,1
90,91,10,1
91,92,10,1
92,93,10,1
93,94,10,0
94,95,10,1
95,96,10,1
96,97,10,1
97,98,10,0
98,99,10,0
99,100,10,1
100,101,10,1
101,102,10,1
102,103,10,1
103,104,10,0
104,105,10,1
105,106,10,1
106,107,10,0
107,108,10,0
108,109,10,1
109,110,10,0
110,111,10,1
111,112,10,1
112,113,10,1
113,114,10,1
114,115,10,1
115,116,10,1
116,117,10,1
117,118,10,1
118,119,10,0
119,120,10,1
120,121,10,1
121,122,10,1
122,123,10,1
123,124,10,1
124,125,10,1
125,126,10,1
126,127,10,1
127,128,10,1
128,129,10,0
129,130,10,1
130,131,10,1
131,132,10,1
132,133,10,0
133,134,10,0
134,135,10,0
135,136,10,1
136,137,10,1
137,138,10,1
138,139,10,1
139,140,10,1
140,141,10,1
141,142,10,1
142,143,10,1
143,144,10,1
144,145,10,0
145,146,10,0
146,147,10,0
147,148,10,1
148,149,10,1
149,150,10,0
150,151,10,0
151,152,10,0
152,153,10,1
153,154,10,1
154,155,10,0
155,156,10,0
156,157,10,1
157,158,10,0
158,159,10,1
159,160,10,1
160,161,10,1
161,162,10,0
162,163,10,1
163,164,10,1
164,165,10,0
165,166,10,1
166,167,10,1
167,168,10,1
168,169,10,1
169,170,10,0
170,171,10,1
171,172,10,0
172,173,10,1
173,174,10,1
174,175,10,1
175,176,10,1
176,177,10,1
177,178,10,1
178,179,10,1
179,180,10,0
180,181,10,0
181,182,10,1
182,183,10,0
183,184,10,1
184,185,10,1
185,186,10,1
186,187,10,1
187,188,10,1
188,189,10,1
189,190,10,1
190,191,10,1
191,192,10,1
192,193,10,0
193,194,10,0
194,195,10,1
195,196,10,0
196,197,10,0
197,198,10,1
198,199,10,0
199,200,10,1
200,201,10,0
201,202,10,1
202,203,10,0
203,204,10,1
204,205,10,0
205,206,10,1
206,207,10,1
207,208,10,1
208,209,10,1
209,210,10,1
210,211,10,0
211,212,10,1
212,213,10,0
213,214,10,1
214,215,10,1
215,216,10,0
216,217,10,1
217,218,10,1
218,219,10,0
219,220,10,1
220,221,10,1
221,222,10,1
222,223,10,1
223,224,10,0
224,225,10,0
225,226,10,1
226,227,10,1
227,228,10,0
228,229,10,1
229,230,10,1
230,231,10,0
231,232,10,0
232,233,10,0
233,234,10,1
234,235,10,1
235,236,10,1
236,237,10,1
237,238,10,0
238,239,10,1
239,240,10,0
240,241,10,0
241,242,10,1
242,243,10,0
243,244,10,1
244,245,10,0
245,246,10,0
246,247,10,1
247,248,10,1
248,249,10,1
249,250,10,1
250,251,10,0
251,252,10,1
252,253,10,1
253,254,10,0
254,255,10,0
255,256,10,1
256,257,10,0
257,258,10,0
258,259,10,0
259,260,10,1
260,261,10,1
261,262,10,1
262,263,10,0
263,264,10,0
264,265,10,0
265,266,10,1
266,267,10,0
267,268,10,1
268,269,10,1
269,270,10,0
270,271,10,1
271,272,10,0
272,273,10,1
273,274,10,1
274,275,10,1
275,276,10,1
276,277,10,1
277,278,10,0
278,279,10,1
279,280,10,1
280,281,10,1
281,282,10,1
282,283,10,1
283,284,10,0
284,285,10,1
285,286,10,1
286,287,10,1
287,288,10,1
288,289,10,1
289,290,10,0
290,291,10,0
291,292,10,0
292,293,10,0
293,294,10,0
294,295,10,0
295,296,10,0
296,297,10,0
297,298,10,0
298,299,10,0
299,300,10,0
300,301,10,1
301,302,10,0
302,303,10,0
303,304,10,1
304,305,10,1
305,306,10,1
306,307,10,1
307,308,10,0
308,309,10,1
309,310,10,0
310,311,10,1
311,312,10,1
312,313,10,0
313,314,10,1
314,315,10,1
315,316,10,1
316,317,10,1
317,318,10,0
318,319,10,1
319,320,10,0
320,321,10,1
321,322,10,1
322,323,10,1
323,324,10,0
324,325,10,1
325,326,10,1
326,327,10,1
327,328,10,0
328,329,10,1
329,330,10,1
330,331,10,0
331,332,10,1
332,333,10,1
333,334,10,1
334,335,10,1
335,336,10,0
336,337,10,1
337,338,10,1
338,339,10,1
339,340,10,1
340,341,10,0
341,342,10,0
342,343,10,0
343,344,10,0
344,345,10,0
345,346,10,1
346,347,10,1
347,348,10,0
348,349,10,1
349,350,10,0
350,351,10,0
351,352,10,0
352,353,10,0
353,354,10,1
354,355,10,1
355,356,10,0
356,357,10,1
357,358,10,1
358,359,10,1
359,360,10,1
360,361,10,0
361,362,10,0
362,363,10,0
363,364,10,0
364,365,10,1
365,366,10,1
366,367,10,0
367,368,10,1
368,369,10,1
369,370,10,0
370,371,10,1
371,372,10,1
372,373,10,1
373,374,10,1
374,375,10,1
375,376,10,1
376,377,10,0
377,378,10,1
378,379,10,1
379,380,10,0
380,381,10,0
381,382,10,1
382,383,10,1
383,384,10,1
384,385,10,0
385,386,10,0
386,387,10,0
387,388,10,1
388,389,10,1
389,390,10,1
390,391,10,0
391,392,10,1
392,393,10,1
393,394,10,0
394,395,10,0
395,396,10,1
396,397,10,0
397,398,10,0
398,399,10,1
399,400,10,1
400,401,10,1
401,402,10,1
402,403,10,1
403,404,10,1
404,405,10,1
405,406,10,1
406,407,10,0
407,408,10,1
408,409,10,1
409,410,10,1
410,411,10,0
411,412,10,0
412,413,10,0
413,414,10,0
414,415,10,0
415,416,10,1
416,417,10,1
417,418,10,1
418,419,10,0
419,420,10,0
420,421,10,1
421,422,10,0
422,423,10,1
423,424,10,1
424,425,10,1
425,426,10,1
426,427,10,1
427,428,10,1
428,429,10,1
429,430,10,1
430,431,10,1
431,432,10,1
432,433,10,1
433,434,10,1
434,435,10,1
435,436,10,0
436,437,10,0
437,438,10,0
438,439,10,0
439,440,10,1
440,441,10,1
441,442,10,0
442,443,10,1
443,444,10,1
444,445,10,1
445,446,10,1
446,447,10,1
447,448,10,0
448,449,10,1
449,450,10,0
450,451,10,0
451,452,10,0
452,453,10,0
453,454,10,0
454,455,10,1
455,456,10,1
456,457,10,1
457,458,10,0
458,459,10,0
459,460,10,0
460,461,10,0
461,462,10,0
462,463,10,0
463,464,10,1
464,465,10,0
465,466,10,0
466,467,10,1
467,468,10,0
468,469,10,1
469,470,10,1
470,471,10,1
471,472,10,0
472,473,10,0
473,474,10,1
474,475,10,1
475,476,10,1
476,477,10,1
477,478,10,1
478,479,10,0
479,480,10,1
480,481,10,1
481,482,10,1
482,483,10,0
483,484,10,0
484,485,10,1
485,486,10,1
486,487,10,1
487,488,10,1
488,489,10,1
489,490,10,1
490,491,10,1
491,492,10,0
492,493,10,0
493,494,10,0
494,495,10,1
495,496,10,0
496,497,10,1
497,498,10,1
498,499,10,0
499,500,10,0
0,1,11,1
1,2,11,0
2,3,11,0
3,4,11,1
4,5,11,0
5,6,11,1
6,7,11,0
7,8,11,1
8,9,11,1
9,10,11,1
10,11,11,1
11,12,11,1
12,13,11,1
13,14,11,0
14,15,11,1
15,16,11,1
16,17,11,0
17,18,11,1
18,19,11,1
19,20,11,0
20,21,11,1
21,22,11,1
22,23,11,0
23,24,11,1
24,25,11,1
25,26,11,1
26,27,11,1
27,28,11,0
28,29,11,1
29,30,11,1
30,31,11,0
31,32,11,0
32,33,11,1
33,34,11,1
34,35,11,0
35,36,11,1
36,37,11,1
37,38,11,1
38,39,11,1
39,40,11,1
40,41,11,1
41,42,11,0
42,43,11,0
43,44,11,1
44,45,11,0
45,46,11,0
46,47,11,0
47,48,11,1
48,49,11,0
49,50,11,1
50,51,11,0
51,52,11,1
52,53,11,0
53,54,11,0
54,55,11,1
55,56,11,1
56,57,11,1
57,58,11,1
58,59,11,1
59,60,11,0
60,61,11,1
61,62,11,0
62,63,11,1
63,64,11,1
64,65,11,1
65,66,11,0
66,67,11,0
67,68,11,0
68,69,11,1
69,70,11,1
70,71,11,1
71,72,11,1
72,73,11,1
73,74,11,0
74,75,11,0
75,76,11,0
76,77,11,0
77,78,11,1
78,79,11,0
79,80,11,1
80,81,11,1
81,82,11,1
82,83,11,1
83,84,11,1
84,85,11,0
85,86,11,1
86,87,11,1
87,88,11,0
88,89,11,0
89,90,11,0
90,91,11,1
91,92,11,1
92,93,11,1
93,94,11,0
94,95,11,1
95,96,11,1
96,97,11,1
97,98,11,0
98,99,11,0
99,100,11,0
100,101,11,1
101,102,11,1
102,103,11,1
103,104,11,0
104,105,11,1
105,106,11,1
106,107,11,0
107,108,11,0
108,109,11,1
109,110,11,0
110,111,11,0
111,112,11,1
112,113,11,1
113,114,11,1
114,115,11,1
115,116,11,1
116,117,11,1
117,118,11,1
118,119,11,0
119,120,11,1
120,121,11,1
121,122,11,0
122,123,11,1
123,124,11,0
124,125,11,1
125,126,11,1
126,127,11,1
127,128,11,1
128,129,11,0
129,130,11,0
130,131,11,1
131,132,11,1
132,133,11,0
133,134,11,0
134,135,11,0
135,136,11,1
136,137,11,1
137,138,11,1
138,139,11,1
139,140,11,1
140,141,11,1
141,142,11,0
142,143,11,0
143,144,11,1
144,145,11,0
145,146,11,0
146,147,11,0
147,148,11,1
148,149,11,1
149,150,11,0
150,151,11,0
151,152,11,0
152,153,11,1
153,154,11,1
154,155,11,0
155,156,11,0
156,157,11,1
157,158,11,0
158,159,11,1
159,160,11,1
160,161,11,1
161,162,11,0
162,163,11,1
163,164,11,1
164,165,11,0
165,166,11,1
166,167,11,1
167,168,11,1
168,169,11,1
169,170,11,0
170,171,11,0
171,172,11,0
172,173,11,1
173,174,11,1
174,175,11,1
175,176,11,1
176,177,11,1
177,178,11,1
178,179,11,1
179,180,11,0
180,181,11,0
181,182,11,1
182,183,11,0
183,184,11,1
184,185,11,0
185,186,11,0
186,187,11,1
187,188,11,0
188,189,11,1
189,190,11,1
190,191,11,0
191,192,11,1
192,193,11,0
193,194,11,0
194,195,11,1
195,196,11,0
196,197,11,0
197,198,11,1
198,199,11,0
199,200,11,1
200,201,11,0
201,202,11,1
202,203,11,0
203,204,11,1
204,205,11,0
205,206,11,1
206,207,11,1
207,208,11,1
208,209,11,1
209,210,11,1
210,211,11,0
211,212,11,1
212,213,11,0
213,214,11,1
214,215,11,1
215,216,11,0
216,217,11,1
217,218,11,1
218,219,11,0
219,220,11,1
220,221,11,1
221,222,11,1
222,223,11,1
223,224,11,0
224,225,11,0
225,226,11,1
226,227,11,1
227,228,11,0
228,229,11,1
229,230,11,1
230,231,11,0
231,232,11,0
232,233,11,0
233,234,11,1
234,235,11,1
235,236,11,1
236,237,11,0
237,238,11,0
238,239,11,1
239,240,11,0
240,241,11,0
241,242,11,1
242,243,11,0
243,244,11,1
244,245,11,0
245,246,11,0
246,247,11,1
247,248,11,1
248,249,11,1
249,250,11,0
250,251,11,0
251,252,11,1
252,253,11,1
253,254,11,0
254,255,11,0
255,256,11,1
256,257,11,0
257,258,11,0
258,259,11,0
259,260,11,1
260,261,11,1
261,262,11,1
262,263,11,0
263,264,11,0
264,265,11,0
265,266,11,1
266,267,11,0
267,268,11,1
268,269,11,0
269,270,11,0
270,271,11,1
271,272,11,0
272,273,11,0
273,274,11,1
274,275,11,1
275,276,11,1
276,277,11,1
277,278,11,0
278,279,11,1
279,280,11,1
280,281,11,1
281,282,11,1
282,283,11,1
283,284,11,0
284,285,11,1
285,286,11,1
286,287,11,1
287,288,11,0
288,289,11,1
289,290,11,0
290,291,11,0
291,292,11,0
292,293,11,0
293,294,11,0
294,295,11,0
295,296,11,0
296,297,11,0
297,298,11,0
298,299,11,0
299,300,11,0
300,301,11,1
301,302,11,0
302,303,11,0
303,304,11,0
304,305,11,0
305,306,11,1
306,307,11,1
307,308,11,0
308,309,11,1
309,310,11,0
310,311,11,1
311,312,11,1
312,313,11,0
313,314,11,1
314,315,11,1
315,316,11,1
316,317,11,1
317,318,11,0
318,319,11,0
319,320,11,0
320,321,11,1
321,322,11,1
322,323,11,1
323,324,11,0
324,325,11,0
325,326,11,0
326,327,11,0
327,328,11,0
328,329,11,1
329,330,11,1
330,331,11,0
331,332,11,1
332,333,11,0
333,334,11,1
334,335,11,1
335,336,11,0
336,337,11,0
337,338,11,1
338,339,11,0
339,340,11,1
340,341,11,0
341,342,11,0
342,343,11,0
343,344,11,0
344,345,11,0
345,346,11,1
346,347,11,1
347,348,11,0
348,349,11,0
349,350,11,0
350,351,11,0
351,352,11,0
352,353,11,0
353,354,11,1
354,355,11,1
355,356,11,0
356,357,11,1
357,358,11,1
358,359,11,1
359,360,11,1
360,361,11,0
361,362,11,0
362,363,11,0
363,364,11,0
364,365,11,1
365,366,11,1
366,367,11,0
367,368,11,1
368,369,11,1
369,370,11,0
370,371,11,1
371,372,11,1
372,373,11,1
373,374,11,0
374,375,11,1
375,376,11,1
376,377,11,0
377,378,11,1
378,379,11,1
379,380,11,0
380,381,11,0
381,382,11,1
382,383,11,1
383,384,11,1
384,385,11,0
385,386,11,0
386,387,11,0
387,388,11,1
388,389,11,1
389,390,11,1
390,391,11,0
391,392,11,0
392,393,11,0
393,394,11,0
394,395,11,0
395,396,11,1
396,397,11,0
397,398,11,0
398,399,11,1
399,400,11,1
400,401,11,0
401,402,11,1
402,403,11,1
403,404,11,1
404,405,11,0
405,406,11,1
406,407,11,0
407,408,11,1
408,409,11,1
409,410,11,1
410,411,11,0
411,412,11,0
412,413,11,0
413,414,11,0
414,415,11,0
415,416,11,1
416,417,11,1
417,418,11,1
418,419,11,0
419,420,11,0
420,421,11,1
421,422,11,0
422,423,11,1
423,424,11,1
424,425,11,1
425,426,11,1
426,427,11,1
427,428,11,1
428,429,11,1
429,430,11,1
430,431,11,1
431,432,11,1
432,433,11,1
433,434,11,1
434,435,11,1
435,436,11,0
436,437,11,0
437,438,11,0
438,439,11,0
439,440,11,1
440,441,11,1
441,442,11,0
442,443,11,1
443,444,11,1
444,445,11,1
445,446,11,1
446,447,11,1
447,448,11,0
448,449,11,1
449,450,11,0
450,451,11,0
451,452,11,0
452,453,11,0
453,454,11,0
454,455,11,1
455,456,11,1
456,457,11,0
457,458,11,0
458,459,11,0
459,460,11,0
460,461,11,0
461,462,11,0
462,463,11,0
463,464,11,1
464,465,11,0
465,466,11,0
466,467,11,0
467,468,11,0
468,469,11,1
469,470,11,0
470,471,11,1
471,472,11,0
472,473,11,0
473,474,11,1
474,475,11,1
475,476,11,1
476,477,11,1
477,478,11,1
478,479,11,0
479,480,11,0
480,481,11,1
481,482,11,0
482,483,11,0
483,484,11,0
484,485,11,1
485,486,11,0
486,487,11,1
487,488,11,1
488,489,11,1
489,490,11,1
490,491,11,0
491,492,11,0
492,493,11,0
493,494,11,0
494,495,11,1
495,496,11,0
496,497,11,0
497,498,11,1
498,499,11,0
499,500,11,0
0,1,12,1
1,2,12,0
2,3,12,0
3,4,12,1
4,5,12,0
5,6,12,1
6,7,12,0
7,8,12,1
8,9,12,1
9,10,12,1
10,11,12,1
11,12,12,1
12,13,12,1
13,14,12,0
14,15,12,1
15,16,12,1
16,17,12,0
17,18,12,1
18,19,12,1
19,20,12,0
20,21,12,1
21,22,12,1
22,23,12,0
23,24,12,1
24,25,12,1
25,26,12,1
26,27,12,1
27,28,12,0
28,29,12,1
29,30,12,1
30,31,12,0
31,32,12,0
32,33,12,1
33,34,12,1
34,35,12,0
35,36,12,1
36,37,12,1
37,38,12,1
38,39,12,0
39,40,12,1
40,41,12,1
41,42,12,0
42,43,12,0
43,44,12,1
44,45,12,0
45,46,12,0
46,47,12,0
47,48,12,1
48,49,12,0
49,50,12,1
50,51,12,0
51,52,12,1
52,53,12,0
53,54,12,0
54,55,12,1
55,56,12,1
56,57,12,1
57,58,12,1
58,59,12,1
59,60,12,0
60,61,12,1
61,62,12,0
62,63,12,1
63,64,12,1
64,65,12,1
65,66,12,0
66,67,12,0
67,68,12,0
68,69,12,1
69,70,12,1
70,71,12,1
71,72,12,1
72,73,12,1
73,74,12,0
74,75,12,0
75,76,12,0
76,77,12,0
77,78,12,1
78,79,12,0
79,80,12,1
80,81,12,1
81,82,12,1
82,83,12,1
83,84,12,1
84,85,12,0
85,86,12,1
86,87,12,1
87,88,12,0
88,89,12,0
89,90,12,0
90,91,12,1
91,92,12,1
92,93,12,1
93,94,12,0
94,95,12,1
95,96,12,1
96,97,12,1
97,98,12,0
98,99,12,0
99,100,12,0
100,101,12,1
101,102,12,1
102,103,12,1
103,104,12,0
104,105,12,1
105,106,12,1
106,107,12,0
107,108,12,0
108,109,12,1
109,110,12,0
110,111,12,0
111,112,12,1
112,113,12,1
113,114,12,1
114,115,12,1
115,116,12,1
116,117,12,1
117,118,12,1
118,119,12,0
119,120,12,1
120,121,12,1
121,122,12,0
122,123,12,1
123,124,12,0
124,125,12,1
125,126,12,1
126,127,12,1
127,128,12,1
128,129,12,0
129,130,12,0
130,131,12,1
131,132,12,1
132,133,12,0
133,134,12,0
134,135,12,0
135,136,12,1
136,137,12,1
137,138,12,1
138,139,12,1
139,140,12,1
140,141,12,1
141,142,12,0
142,143,12,0
143,144,12,1
144,145,12,0
145,146,12,0
146,147,12,0
147,148,12,1
148,149,12,1
149,150,12,0
150,151,12,0
151,152,12,0
152,153,12,1
153,154,12,1
154,155,12,0
155,156,12,0
156,157,12,1
157,158,12,0
158,159,12,1
159,160,12,0
160,161,12,1
161,162,12,0
162,163,12,1
163,164,12,1
164,165,12,0
165,166,12,1
166,167,12,1
167,168,12,1
168,169,12,1
169,170,12,0
170,171,12,0
171,172,12,0
172,173,12,1
173,174,12,1
174,175,12,1
175,176,12,1
176,177,12,1
177,178,12,1
178,179,12,1
179,180,12,0
180,181,12,0
181,182,12,1
182,183,12,0
183,184,12,1
184,185,12,0
185,186,12,0
186,187,12,1
187,188,12,0
188,189,12,1
189,190,12,1
190,191,12,0
191,192,12,1
192,193,12,0
193,194,12,0
194,195,12,1
195,196,12,0
196,197,12,0
197,198,12,1
198,199,12,0
199,200,12,1
200,201,12,0
201,202,12,1
202,203,12,0
203,204,12,1
204,205,12,0
205,206,12,1
206,207,12,1
207,208,12,1
208,209,12,1
209,210,12,1
210,211,12,0
211,212,12,1
212,213,12,0
213,214,12,1
214,215,12,1
215,216,12,0
216,217,12,1
217,218,12,1
218,219,12,0
219,220,12,1
220,221,12,1
221,222,12,1
222,223,12,1
223,224,12,0
224,225,12,0
225,226,12,1
226,227,12,1
227,228,12,0
228,229,12,1
229,230,12,1
230,231,12,0
231,232,12,0
232,233,12,0
233,234,12,1
234,235,12,1
235,236,12,1
236,237,12,0
237,238,12,0
238,239,12,1
239,240,12,0
240,241,12,0
241,242,12,1
242,243,12,0
243,244,12,1
244,245,12,0
245,246,12,0
246,247,12,1
247,248,12,1
248,249,12,1
249,250,12,0
250,251,12,0
251,252,12,1
252,253,12,1
253,254,12,0
254,255,12,0
255,256,12,1
256,257,12,0
257,258,12,0
258,259,12,0
259,260,12,1
260,261,12,1
261,262,12,1
262,263,12,0
263,264,12,0
264,265,12,0
265,266,12,1
266,267,12,0
267,268,12,1
268,269,12,0
269,270,12,0
270,271,12,1
271,272,12,0
272,273,12,0
273,274,12,1
274,275,12,1
275,276,12,1
276,277,12,1
277,278,12,0
278,279,12,1
279,280,12,1
280,281,12,1
281,282,12,1
282,283,12,1
283,284,12,0
284,285,12,1
285,286,12,1
286,287,12,1
287,288,12,0
288,289,12,1
289,290,12,0
290,291,12,0
291,292,12,0
292,293,12,0
293,294,12,0
294,295,12,0
295,296,12,0
296,297,12,0
297,298,12,0
298,299,12,0
299,300,12,0
300,301,12,1
301,302,12,0
302,303,12,0
303,304,12,0
304,305,12,0
305,306,12,1
306,307,12,1
307,308,12,0
308,309,12,1
309,310,12,0
310,311,12,1
311,312,12,1
312,313,12,0
313,314,12,1
314,315,12,1
315,316,12,1
316,317,12,1
317,318,12,0
318,319,12,0
319,320,12,0
320,321,12,1
321,322,12,1
322,323,12,1
323,324,12,0
324,325,12,0
325,326,12,0
326,327,12,0
327,328,12,0
328,329,12,1
329,330,12,1
330,331,12,0
331,332,12,1
332,333,12,0
333,334,12,1
334,335,12,1
335,336,12,0
336,337,12,0
337,338,12,1
338,339,12,0
339,340,12,1
340,341,12,0
341,342,12,0
342,343,12,0
343,344,12,0
344,345,12,0
345,346,12,1
346,347,12,1
347,348,12,0
348,349,12,0
349,350,12,0
350,351,12,0
351,352,12,0
352,353,12,0
353,354,12,1
354,355,12,1
355,356,12,0
356,357,12,1
357,358,12,1
358,359,12,1
359,360,12,1
360,361,12,0
361,362,12,0
362,363,12,0
363,364,12,0
364,365,12,1
365,366,12,1
366,367,12,0
367,368,12,1
368,369,12,1
369,370,12,0
370,371,12,1
371,372,12,1
372,373,12,1
373,374,12,0
374,375,12,1
375,376,12,1
376,377,12,0
377,378,12,1
378,379,12,1
379,380,12,0
380,381,12,0
381,382,12,1
382,383,12,1
383,384,12,1
384,385,12,0
385,386,12,0
386,387,12,0
387,388,12,1
388,389,12,1
389,390,12,1
390,391,12,0
391,392,12,0
392,393,12,0
393,394,12,0
394,395,12,0
395,396,12,1
396,397,12,0
397,398,12,0
398,399,12,1
399,400,12,1
400,401,12,0
401,402,12,1
402,403,12,1
403,404,12,1
404,405,12,0
405,406,12,1
406,407,12,0
407,408,12,1
408,409,12,1
409,410,12,1
410,411,12,0
411,412,12,0
412,413,12,0
413,414,12,0
414,415,12,0
415,416,12,1
416,417,12,1
417,418,12,1
418,419,12,0
419,420,12,0
420,421,12,1
421,422,12,0
422,423,12,1
423,424,12,1
424,425,12,1
425,426,12,1
426,427,12,1
427,428,12,1
428,429,12,1
429,430,12,1
430,431,12,1
431,432,12,1
432,433,12,0
433,434,12,1
434,435,12,1
435,436,12,0
436,437,12,0
437,438,12,0
438,439,12,0
439,440,12,1
440,441,12,1
441,442,12,0
442,443,12,1
443,444,12,1
444,445,12,1
445,446,12,1
446,447,12,1
447,448,12,0
448,449,12,1
449,450,12,0
450,451,12,0
451,452,12,0
452,453,12,0
453,454,12,0
454,455,12,1
455,456,12,1
456,457,12,0
457,458,12,0
458,459,12,0
459,460,12,0
460,461,12,0
461,462,12,0
462,463,12,0
463,464,12,1
464,465,12,0
465,466,12,0
466,467,12,0
467,468,12,0
468,469,12,1
469,470,12,0
470,471,12,1
471,472,12,0
472,473,12,0
473,474,12,1
474,475,12,1
475,476,12,1
476,477,12,1
477,478,12,1
478,479,12,0
479,480,12,0
480,481,12,1
481,482,12,0
482,483,12,0
483,484,12,0
484,485,12,1
485,486,12,0
486,487,12,1
487,488,12,1
488,489,12,1
489,490,12,1
490,491,12,0
491,492,12,0
492,493,12,0
493,494,12,0
494,495,12,1
495,496,12,0
496,497,12,0
497,498,12,1
498,499,12,0
499,500,12,0
0,1,13,1
1,2,13,0
2,3,13,0
3,4,13,1
4,5,13,0
5,6,13,1
6,7,13,0
7,8,13,1
8,9,13,1
9,10,13,1
10,11,13,1
11,12,13,1
12,13,13,1
13,14,13,0
14,15,13,1
15,16,13,1
16,17,13,0
17,18,13,1
18,19,13,1
19,20,13,0
20,21,13,1
21,22,13,1
22,23,13,0
23,24,13,1
24,25,13,1
25,26,13,1
26,27,13,1
27,28,13,0
28,29,13,1
29,30,13,1
30,31,13,0
31,32,13,0
32,33,13,1
33,34,13,1
34,35,13,0
35,36,13,1
36,37,13,1
37,38,13,1
38,39,13,0
39,40,13,1
40,41,13,1
41,42,13,0
42,43,13,0
43,44,13,1
44,45,13,0
45,46,13,0
46,47,13,0
47,48,13,1
48,49,13,0
49,50,13,1
50,51,13,0
51,52,13,1
52,53,13,0
53,54,13,0
54,55,13,1
55,56,13,1
56,57,13,1
57,58,13,1
58,59,13,1
59,60,13,0
60,61,13,1
61,62,13,0
62,63,13,1
63,64,13,1
64,65,13,1
65,66,13,0
66,67,13,0
67,68,13,0
68,69,13,1
69,70,13,1
70,71,13,1
71,72,13,1
72,73,13,1
73,74,13,0
74,75,13,0
75,76,13,0
76,77,13,0
77,78,13,1
78,79,13,0
79,80,13,1
80,81,13,1
81,82,13,1
82,83,13,1
83,84,13,1
84,85,13,0
85,86,13,1
86,87,13,1
87,88,13,0
88,89,13,0
89,90,13,0
90,91,13,1
91,92,13,1
92,93,13,1
93,94,13,0
94,95,13,1
95,96,13,1
96,97,13,1
97,98,13,0
98,99,13,0
99,100,13,0
100,101,13,1
101,102,13,1
102,103,13,1
103,104,13,0
104,105,13,1
105,106,13,1
106,107,13,0
107,108,13,0
108,109,13,1
109,110,13,0
110,111,13,0
111,112,13,1
112,113,13,1
113,114,13,1
114,115,13,1
115,116,13,1
116,117,13,1
117,118,13,1
118,119,13,0
119,120,13,1
120,121,13,1
121,122,13,0
122,123,13,1
123,124,13,0
124,125,13,0
125,126,13,1
126,127,13,1
127,128,13,1
128,129,13,0
129,130,13,0
130,131,13,1
131,132,13,1
132,133,13,0
133,134,13,0
134,135,13,0
135,136,13,1
136,137,13,1
137,138,13,1
138,139,13,1
139,140,13,1
140,141,13,1
141,142,13,0
142,143,13,0
143,144,13,1
144,145,13,0
145,146,13,0
146,147,13,0
147,148,13,1
148,149,13,0
149,150,13,0
150,151,13,0
151,152,13,0
152,153,13,1
153,154,13,1
154,155,13,0
155,156,13,0
156,157,13,1
157,158,13,0
158,159,13,1
159,160,13,0
160,161,13,1
161,162,13,0
162,163,13,1
163,164,13,1
164,165,13,0
165,166,13,1
166,167,13,1
167,168,13,1
168,169,13,1
169,170,13,0
170,171,13,0
171,172,13,0
172,173,13,1
173,174,13,1
174,175,13,1
175,176,13,1
176,177,13,1
177,178,13,1
178,179,13,1
179,180,13,0
180,181,13,0
181,182,13,1
182,183,13,0
183,184,13,1
184,185,13,0
185,186,13,0
186,187,13,1
187,188,13,0
188,189,13,1
189,190,13,1
190,191,13,0
191,192,13,0
192,193,13,0
193,194,13,0
194,195,13,1
195,196,13,0
196,197,13,0
197,198,13,1
198,199,13,0
199,200,13,1
200,201,13,0
201,202,13,1
202,203,13,0
203,204,13,1
204,205,13,0
205,206,13,1
206,207,13,1
207,208,13,1
208,209,13,1
209,210,13,1
210,211,13,0
211,212,13,1
212,213,13,0
213,214,13,1
214,215,13,1
215,216,13,0
216,217,13,1
217,218,13,1
218,219,13,0
219,220,13,1
220,221,13,1
221,222,13,1
222,223,13,1
223,224,13,0
224,225,13,0
225,226,13,1
226,227,13,1
227,228,13,0
228,229,13,1
229,230,13,1
230,231,13,0
231,232,13,0
232,233,13,0
233,234,13,1
234,235,13,1
235,236,13,1
236,237,13,0
237,238,13,0
238,239,13,1
239,240,13,0
240,241,13,0
241,242,13,1
242,243,13,0
243,244,13,1
244,245,13,0
245,246,13,0
246,247,13,1
247,248,13,1
248,249,13,1
249,250,13,0
250,251,13,0
251,252,13,1
252,253,13,1
253,254,13,0
254,255,13,0
255,256,13,1
256,257,13,0
257,258,13,0
258,259,13,0
259,260,13,1
260,261,13,1
261,262,13,1
262,263,13,0
263,264,13,0
264,265,13,0
265,266,13,1
266,267,13,0
267,268,13,0
268,269,13,0
269,270,13,0
270,271,13,1
271,272,13,0
272,273,13,0
273,274,13,1
274,275,13,1
275,276,13,1
276,277,13,1
277,278,13,0
278,279,13,1
279,280,13,1
280,281,13,1
281,282,13,1
282,283,13,1
283,284,13,0
284,285,13,1
285,286,13,1
286,287,13,1
287,288,13,0
288,289,13,1
289,290,13,0
290,291,13,0
291,292,13,0
292,293,13,0
293,294,13,0
294,295,13,0
295,296,13,0
296,297,13,0
297,298,13,0
298,299,13,0
299,300,13,0
300,301,13,0
301,302,13,0
302,303,13,0
303,304,13,0
304,305,13,0
305,306,13,1
306,307,13,1
307,308,13,0
308,309,13,1
309,310,13,0
310,311,13,1
311,312,13,1
312,313,13,0
313,314,13,1
314,315,13,1
315,316,13,1
316,317,13,1
317,318,13,0
318,319,13,0
319,320,13,0
320,321,13,1
321,322,13,1
322,323,13,1
323,324,13,0
324,325,13,0
325,326,13,0
326,327,13,0
327,328,13,0
328,329,13,1
329,330,13,1
330,331,13,0
331,332,13,1
332,333,13,0
333,334,13,1
334,335,13,1
335,336,13,0
336,337,13,0
337,338,13,1
338,339,13,0
339,340,13,1
340,341,13,0
341,342,13,0
342,343,13,0
343,344,13,0
344,345,13,0
345,346,13,0
346,347,13,0
347,348,13,0
348,349,13,0
349,350,13,0
350,351,13,0
351,352,13,0
352,353,13,0
353,354,13,1
354,355,13,0
355,356,13,0
356,357,13,1
357,358,13,1
358,359,13,1
359,360,13,1
360,361,13,0
361,362,13,0
362,363,13,0
363,364,13,0
364,365,13,0
365,366,13,1
366,367,13,0
367,368,13,1
368,369,13,1
369,370,13,0
370,371,13,1
371,372,13,1
372,373,13,1
373,374,13,0
374,375,13,1
375,376,13,1
376,377,13,0
377,378,13,1
378,379,13,1
379,380,13,0
380,381,13,0
381,382,13,1
382,383,13,1
383,384,13,1
384,385,13,0
385,386,13,0
386,387,13,0
387,388,13,1
388,389,13,1
389,390,13,1
390,391,13,0
391,392,13,0
392,393,13,0
393,394,13,0
394,395,13,0
395,396,13,1
396,397,13,0
397,398,13,0
398,399,13,1
399,400,13,1
400,401,13,0
401,402,13,1
402,403,13,1
403,404,13,1
404,405,13,0
405,406,13,1
406,407,13,0
407,408,13,1
408,409,13,1
409,410,13,1
410,411,13,0
411,412,13,0
412,413,13,0
413,414,13,0
414,415,13,0
415,416,13,1
416,417,13,1
417,418,13,1
418,419,13,0
419,420,13,0
420,421,13,0
421,422,13,0
422,423,13,1
423,424,13,1
424,425,13,1
425,426,13,1
426,427,13,0
427,428,13,1
428,429,13,1
429,430,13,1
430,431,13,1
431,432,13,1
432,433,13,0
433,434,13,1
434,435,13,1
435,436,13,0
436,437,13,0
437,438,13,0
438,439,13,0
439,440,13,1
440,441,13,1
441,442,13,0
442,443,13,1
443,444,13,1
444,445,13,1
445,446,13,1
446,447,13,1
447,448,13,0
448,449,13,1
449,450,13,0
450,451,13,0
451,452,13,0
452,453,13,0
453,454,13,0
454,455,13,1
455,456,13,1
456,457,13,0
457,458,13,0
458,459,13,0
459,460,13,0
460,461,13,0
461,462,13,0
462,463,13,0
463,464,13,1
464,465,13,0
465,466,13,0
466,467,13,0
467,468,13,0
468,469,13,1
469,470,13,0
470,471,13,1
471,472,13,0
472,473,13,0
473,474,13,1
474,475,13,0
475,476,13,1
476,477,13,1
477,478,13,1
478,479,13,0
479,480,13,0
480,481,13,1
481,482,13,0
482,483,13,0
483,484,13,0
484,485,13,1
485,486,13,0
486,487,13,1
487,488,13,1
488,489,13,1
489,490,13,1
490,491,13,0
491,492,13,0
492,493,13,0
493,494,13,0
494,495,13,1
495,496,13,0
496,497,13,0
497,498,13,1
498,499,13,0
499,500,13,0
0,1,14,0
1,2,14,0
2,3,14,0
3,4,14,0
4,5,14,0
5,6,14,0
6,7,14,0
7,8,14,1
8,9,14,0
9,10,14,0
10,11,14,1
11,12,14,0
12,13,14,1
13,14,14,0
14,15,14,0
15,16,14,0
16,17,14,0
17,18,14,1
18,19,14,0
19,20,14,0
20,21,14,0
21,22,14,1
22,23,14,0
23,24,14,0
24,25,14,0
25,26,14,1
26,27,14,0
27,28,14,0
28,29,14,1
29,30,14,0
30,31,14,0
31,32,14,0
32,33,14,0
33,34,14,1
34,35,14,0
35,36,14,0
36,37,14,0
37,38,14,0
38,39,14,0
39,40,14,0
40,41,14,1
41,42,14,0
42,43,14,0
43,44,14,0
44,45,14,0
45,46,14,0
46,47,14,0
47,48,14,0
48,49,14,0
49,50,14,1
50,51,14,0
51,52,14,0
52,53,14,0
53,54,14,0
54,55,14,0
55,56,14,0
56,57,14,0
57,58,14,0
58,59,14,1
59,60,14,0
60,61,14,0
61,62,14,0
62,63,14,0
63,64,14,0
64,65,14,0
65,66,14,0
66,67,14,0
67,68,14,0
68,69,14,0
69,70,14,0
70,71,14,1
71,72,14,0
72,73,14,0
73,74,14,0
74,75,14,0
75,76,14,0
76,77,14,0
77,78,14,0
78,79,14,0
79,80,14,0
80,81,14,1
81,82,14,1
82,83,14,0
83,84,14,0
84,85,14,0
85,86,14,1
86,87,14,0
87,88,14,0
88,89,14,0
89,90,14,0
90,91,14,0
91,92,14,0
92,93,14,0
93,94,14,0
94,95,14,0
95,96,14,0
96,97,14,1
97,98,14,0
98,99,14,0
99,100,14,0
100,101,14,0
101,102,14,1
102,103,14,0
103,104,14,0
104,105,14,0
105,106,14,0
106,107,14,0
107,108,14,0
108,109,14,1
109,110,14,0
110,111,14,0
111,112,14,0
112,113,14,0
113,114,14,0
114,115,14,0
115,116,14,0
116,117,14,0
117,118,14,0
118,119,14,0
119,120,14,0
120,121,14,0
121,122,14,0
122,123,14,0
123,124,14,0
124,125,14,0
125,126,14,0
126,127,14,1
127,128,14,0
128,129,14,0
129,130,14,0
130,131,14,1
131,132,14,0
132,133,14,0
133,134,14,0
134,135,14,0
135,136,14,0
136,137,14,0
137,138,14,0
138,139,14,1
139,140,14,0
140,141,14,0
141,142,14,0
142,143,14,0
143,144,14,0
144,145,14,0
145,146,14,0
146,147,14,0
147,148,14,0
148,149,14,0
149,150,14,0
150,151,14,0
151,152,14,0
152,153,14,0
153,154,14,0
154,155,14,0
155,156,14,0
156,157,14,1
157,158,14,0
158,159,14,1
159,160,14,0
160,161,14,0
161,162,14,0
162,163,14,0
163,164,14,0
164,165,14,0
165,166,14,1
166,167,14,1
167,168,14,0
168,169,14,0
169,170,14,0
170,171,14,0
171,172,14,0
172,173,14,0
173,174,14,0
174,175,14,0
175,176,14,0
176,177,14,0
177,178,14,0
178,179,14,0
179,180,14,0
180,181,14,0
181,182,14,1
182,183,14,0
183,184,14,0
184,185,14,0
185,186,14,0
186,187,14,0
187,188,14,0
188,189,14,0
189,190,14,0
190,191,14,0
191,192,14,0
192,193,14,0
193,194,14,0
194,195,14,0
195,196,14,0
196,197,14,0
197,198,14,0
198,199,14,0
199,200,14,0
200,201,14,0
201,202,14,1
202,203,14,0
203,204,14,1
204,205,14,0
205,206,14,0
206,207,14,0
207,208,14,0
208,209,14,0
209,210,14,1
210,211,14,0
211,212,14,0
212,213,14,0
213,214,14,1
214,215,14,0
215,216,14,0
216,217,14,0
217,218,14,0
218,219,14,0
219,220,14,1
220,221,14,0
221,222,14,0
222,223,14,0
223,224,14,0
224,225,14,0
225,226,14,0
226,227,14,0
227,228,14,0
228,229,14,1
229,230,14,0
230,231,14,0
231,232,14,0
232,233,14,0
233,234,14,0
234,235,14,1
235,236,14,0
236,237,14,0
237,238,14,0
238,239,14,1
239,240,14,0
240,241,14,0
241,242,14,0
242,243,14,0
243,244,14,0
244,245,14,0
245,246,14,0
246,247,14,0
247,248,14,0
248,249,14,1
249,250,14,0
250,251,14,0
251,252,14,0
252,253,14,0
253,254,14,0
254,255,14,0
255,256,14,0
256,257,14,0
257,258,14,0
258,259,14,0
259,260,14,1
260,261,14,1
261,262,14,0
262,263,14,0
263,264,14,0
264,265,14,0
265,266,14,0
266,267,14,0
267,268,14,0
268,269,14,0
269,270,14,0
270,271,14,1
271,272,14,0
272,273,14,0
273,274,14,0
274,275,14,0
275,276,14,0
276,277,14,0
277,278,14,0
278,279,14,0
279,280,14,0
280,281,14,0
281,282,14,0
282,283,14,0
283,284,14,0
284,285,14,0
285,286,14,1
286,287,14,0
287,288,14,0
288,289,14,1
289,290,14,0
290,291,14,0
291,292,14,0
292,293,14,0
293,294,14,0
294,295,14,0
295,296,14,0
296,297,14,0
297,298,14,0
298,299,14,0
299,300,14,0
300,301,14,0
301,302,14,0
302,303,14,0
303,304,14,0
304,305,14,0
305,306,14,0
306,307,14,0
307,308,14,0
308,309,14,0
309,310,14,0
310,311,14,0
311,312,14,0
312,313,14,0
313,314,14,0
314,315,14,0
315,316,14,0
316,317,14,0
317,318,14,0
318,319,14,0
319,320,14,0
320,321,14,0
321,322,14,0
322,323,14,1
323,324,14,0
324,325,14,0
325,326,14,0
326,327,14,0
327,328,14,0
328,329,14,0
329,330,14,0
330,331,14,0
331,332,14,1
332,333,14,0
333,334,14,0
334,335,14,0
335,336,14,0
336,337,14,0
337,338,14,0
338,339,14,0
339,340,14,1
340,341,14,0
341,342,14,0
342,343,14,0
343,344,14,0
344,345,14,0
345,346,14,0
346,347,14,0
347,348,14,0
348,349,14,0
349,350,14,0
350,351,14,0
351,352,14,0
352,353,14,0
353,354,14,0
354,355,14,0
355,356,14,0
356,357,14,0
357,358,14,0
358,359,14,0
359,360,14,0
360,361,14,0
361,362,14,0
362,363,14,0
363,364,14,0
364,365,14,0
365,366,14,0
366,367,14,0
367,368,14,0
368,369,14,0
369,370,14,0
370,371,14,1
371,372,14,1
372,373,14,1
373,374,14,0
374,375,14,0
375,376,14,0
376,377,14,0
377,378,14,0
378,379,14,0
379,380,14,0
380,381,14,0
381,382,14,0
382,383,14,1
383,384,14,1
384,385,14,0
385,386,14,0
386,387,14,0
387,388,14,1
388,389,14,0
389,390,14,0
390,391,14,0
391,392,14,0
392,393,14,0
393,394,14,0
394,395,14,0
395,396,14,1
396,397,14,0
397,398,14,0
398,399,14,0
399,400,14,0
400,401,14,0
401,402,14,0
402,403,14,0
403,404,14,0
404,405,14,0
405,406,14,0
406,407,14,0
407,408,14,0
408,409,14,0
409,410,14,1
410,411,14,0
411,412,14,0
412,413,14,0
413,414,14,0
414,415,14,0
415,416,14,0
416,417,14,1
417,418,14,1
418,419,14,0
419,420,14,0
420,421,14,0
421,422,14,0
422,423,14,1
423,424,14,1
424,425,14,0
425,426,14,1
426,427,14,0
427,428,14,0
428,429,14,1
429,430,14,0
430,431,14,0
431,432,14,0
432,433,14,0
433,434,14,0
434,435,14,1
435,436,14,0
436,437,14,0
437,438,14,0
438,439,14,0
439,440,14,0
440,441,14,0
441,442,14,0
442,443,14,1
443,444,14,0
444,445,14,0
445,446,14,0
446,447,14,1
447,448,14,0
448,449,14,1
449,450,14,0
450,451,14,0
451,452,14,0
452,453,14,0
453,454,14,0
454,455,14,0
455,456,14,0
456,457,14,0
457,458,14,0
458,459,14,0
459,460,14,0
460,461,14,0
461,462,14,0
462,463,14,0
463,464,14,0
464,465,14,0
465,466,14,0
466,467,14,0
467,468,14,0
468,469,14,0
469,470,14,0
470,471,14,0
471,472,14,0
472,473,14,0
473,474,14,1
474,475,14,0
475,476,14,1
476,477,14,0
477,478,14,1
478,479,14,0
479,480,14,0
480,481,14,0
481,482,14,0
482,483,14,0
483,484,14,0
484,485,14,0
485,486,14,0
486,487,14,0
487,488,14,0
488,489,14,0
489,490,14,0
490,491,14,0
491,492,14,0
492,493,14,0
493,494,14,0
494,495,14,0
495,496,14,0
496,497,14,0
497,498,14,1
498,499,14,0
499,500,14,0
