row_idx,col_idx,log2ratio
1,1,1
2,1,1
3,1,1
4,1,1
5,1,1
6,1,1
7,1,1
8,1,1
9,1,1
10,1,1
11,1,1
12,1,1
13,1,1
14,1,1
15,1,1
16,1,1
17,1,1
18,1,1
19,1,1
20,1,1
21,1,1
22,1,1
23,1,1
24,1,1
25,1,1
26,1,1
27,1,1
28,1,1
29,1,1
30,1,1
31,1,1
32,1,1
33,1,1
34,1,1
35,1,1
36,1,1
37,1,1
38,1,1
39,1,1
40,1,1
41,1,1
42,1,1
43,1,1
44,1,1
45,1,1
46,1,1
47,1,1
48,1,1
49,1,1
50,1,1
51,1,1
52,1,1
53,1,1
54,1,1
55,1,1
56,1,1
57,1,1
58,1,1
59,1,1
60,1,1
61,1,1
62,1,1
63,1,1
64,1,1
65,1,1
66,1,1
67,1,1
68,1,1
69,1,1
70,1,1
71,1,1
72,1,1
73,1,1
74,1,1
75,1,1
76,1,1
77,1,1
78,1,1
79,1,1
80,1,1
81,1,1
82,1,1
83,1,1
84,1,1
85,1,1
86,1,1
87,1,1
88,1,1
89,1,1
90,1,1
91,1,1
92,1,1
93,1,1
94,1,1
95,1,1
96,1,1
97,1,1
98,1,1
99,1,1
100,1,1
101,1,1
102,1,1
103,1,1
104,1,1
105,1,1
106,1,1
107,1,1
108,1,1
109,1,1
110,1,1
111,1,1
112,1,1
113,1,1
114,1,1
115,1,1
116,1,1
117,1,1
118,1,1
119,1,1
120,1,1
121,1,1
122,1,1
123,1,1
124,1,1
125,1,1
126,1,1
127,1,1
128,1,1
129,1,1
130,1,1
131,1,1
132,1,1
133,1,1
134,1,1
135,1,1
136,1,1
137,1,1
138,1,1
139,1,1
140,1,1
141,1,1
142,1,1
143,1,1
144,1,1
145,1,1
146,1,1
147,1,1
148,1,1
149,1,1
150,1,1
151,1,1
152,1,1
153,1,1
154,1,1
155,1,1
156,1,1
157,1,1
158,1,1
159,1,1
160,1,1
161,1,1
162,1,1
163,1,1
164,1,1
165,1,1
166,1,1
167,1,1
168,1,1
169,1,1
170,1,1
171,1,1
172,1,1
173,1,1
174,1,1
175,1,1
176,1,1
177,1,1
178,1,1
179,1,1
180,1,1
181,1,1
182,1,1
183,1,1
184,1,1
185,1,1
186,1,1
187,1,1
188,1,1
189,1,1
190,1,1
191,1,1
192,1,1
193,1,1
194,1,1
195,1,1
196,1,1
197,1,1
198,1,1
199,1,1
200,1,1
201,1,1
202,1,1
203,1,1
204,1,1
205,1,1
206,1,1
207,1,1
208,1,1
209,1,1
210,1,1
211,1,1
212,1,1
213,1,1
214,1,1
215,1,1
216,1,1
217,1,1
218,1,1
219,1,1
220,1,1
221,1,1
222,1,1
223,1,1
224,1,1
225,1,1
226,1,1
227,1,1
228,1,1
229,1,1
230,1,1
231,1,1
232,1,1
233,1,1
234,1,1
235,1,1
236,1,1
237,1,1
238,1,1
239,1,1
240,1,1
241,1,1
242,1,1
243,1,1
244,1,1
245,1,1
246,1,1
247,1,1
248,1,1
249,1,1
250,1,1
251,1,1
252,1,1
253,1,1
254,1,1
255,1,1
256,1,1
257,1,1
258,1,1
259,1,1
260,1,1
261,1,1
262,1,1
263,1,1
264,1,1
265,1,1
266,1,1
267,1,1
268,1,1
269,1,1
270,1,1
271,1,1
272,1,1
273,1,1
274,1,1
275,1,1
276,1,1
277,1,1
278,1,1
279,1,1
280,1,1
281,1,1
282,1,1
283,1,1
284,1,1
285,1,1
286,1,1
287,1,1
288,1,1
289,1,1
290,1,1
291,1,1
292,1,1
293,1,1
294,1,1
295,1,1
296,1,1
297,1,1
298,1,1
299,1,1
300,1,1
301,1,1
302,1,1
303,1,1
304,1,1
305,1,1
306,1,1
307,1,1
308,1,1
309,1,1
310,1,1
311,1,1
312,1,1
313,1,1
314,1,1
315,1,1
316,1,1
317,1,1
318,1,1
319,1,1
320,1,1
321,1,1
322,1,1
323,1,1
324,1,1
325,1,1
326,1,1
327,1,1
328,1,1
329,1,1
330,1,1
331,1,1
332,1,1
333,1,1
334,1,1
335,1,1
336,1,1
337,1,1
338,1,1
339,1,1
340,1,1
341,1,1
342,1,1
343,1,1
344,1,1
345,1,1
346,1,1
347,1,1
348,1,1
349,1,1
350,1,1
351,1,1
352,1,1
353,1,1
354,1,1
355,1,1
356,1,1
357,1,1
358,1,1
359,1,1
360,1,1
361,1,1
362,1,1
363,1,1
364,1,1
365,1,1
366,1,1
367,1,1
368,1,1
369,1,1
370,1,1
371,1,1
372,1,1
373,1,1
374,1,1
375,1,1
376,1,1
377,1,1
378,1,1
379,1,1
380,1,1
381,1,1
382,1,1
383,1,1
384,1,1
385,1,1
386,1,1
387,1,1
388,1,1
389,1,1
390,1,1
391,1,1
392,1,1
393,1,1
394,1,1
395,1,1
396,1,1
397,1,1
398,1,1
399,1,1
400,1,1
401,1,1
402,1,1
403,1,1
404,1,1
405,1,1
406,1,1
407,1,1
408,1,1
409,1,1
410,1,1
411,1,1
412,1,1
413,1,1
414,1,1
415,1,1
416,1,1
417,1,1
418,1,1
419,1,1
420,1,1
421,1,1
422,1,1
423,1,1
424,1,1
425,1,1
426,1,1
427,1,1
428,1,1
429,1,1
430,1,1
431,1,1
432,1,1
433,1,1
434,1,1
435,1,1
436,1,1
437,1,1
438,1,1
439,1,1
440,1,1
441,1,1
442,1,1
443,1,1
444,1,1
445,1,1
446,1,1
447,1,1
448,1,1
449,1,1
450,1,1
451,1,1
452,1,1
453,1,1
454,1,1
455,1,1
456,1,1
457,1,1
458,1,1
459,1,1
460,1,1
461,1,1
462,1,1
463,1,1
464,1,1
465,1,1
466,1,1
467,1,1
468,1,1
469,1,1
470,1,1
471,1,1
472,1,1
473,1,1
474,1,1
475,1,1
476,1,1
477,1,1
478,1,1
479,1,1
480,1,1
481,1,1
482,1,1
483,1,1
484,1,1
485,1,1
486,1,1
487,1,1
488,1,1
489,1,1
490,1,1
491,1,1
492,1,1
493,1,1
494,1,1
495,1,1
496,1,1
497,1,1
498,1,1
499,1,1
500,1,1
1,2,1
2,2,0
3,2,1
4,2,1
5,2,1
6,2,1
7,2,1
8,2,1
9,2,1
10,2,1
11,2,1
12,2,1
13,2,1
14,2,1
15,2,1
16,2,1
17,2,1
18,2,1
19,2,1
20,2,0
21,2,1
22,2,1
23,2,1
24,2,1
25,2,1
26,2,1
27,2,1
28,2,1
29,2,1
30,2,1
31,2,1
32,2,0
33,2,1
34,2,1
35,2,1
36,2,1
37,2,1
38,2,1
39,2,1
40,2,1
41,2,1
42,2,0
43,2,1
44,2,1
45,2,1
46,2,1
47,2,1
48,2,1
49,2,1
50,2,1
51,2,0
52,2,1
53,2,1
54,2,1
55,2,1
56,2,1
57,2,1
58,2,1
59,2,1
60,2,1
61,2,1
62,2,1
63,2,1
64,2,1
65,2,1
66,2,1
67,2,1
68,2,1
69,2,1
70,2,1
71,2,1
72,2,1
73,2,1
74,2,1
75,2,1
76,2,1
77,2,1
78,2,1
79,2,1
80,2,1
81,2,1
82,2,1
83,2,1
84,2,1
85,2,1
86,2,1
87,2,1
88,2,0
89,2,0
90,2,1
91,2,1
92,2,1
93,2,1
94,2,0
95,2,1
96,2,1
97,2,1
98,2,1
99,2,0
100,2,1
101,2,1
102,2,1
103,2,1
104,2,1
105,2,1
106,2,1
107,2,1
108,2,0
109,2,1
110,2,0
111,2,1
112,2,1
113,2,1
114,2,1
115,2,1
116,2,1
117,2,1
118,2,1
119,2,1
120,2,1
121,2,1
122,2,1
123,2,1
124,2,1
125,2,1
126,2,1
127,2,1
128,2,1
129,2,1
130,2,1
131,2,1
132,2,1
133,2,1
134,2,1
135,2,1
136,2,1
137,2,1
138,2,1
139,2,1
140,2,1
141,2,1
142,2,1
143,2,1
144,2,1
145,2,1
146,2,1
147,2,0
148,2,1
149,2,1
150,2,1
151,2,1
152,2,0
153,2,1
154,2,1
155,2,1
156,2,1
157,2,1
158,2,0
159,2,1
160,2,1
161,2,1
162,2,1
163,2,1
164,2,1
165,2,1
166,2,1
167,2,1
168,2,1
169,2,1
170,2,1
171,2,1
172,2,1
173,2,1
174,2,1
175,2,1
176,2,1
177,2,1
178,2,1
179,2,1
180,2,0
181,2,1
182,2,1
183,2,1
184,2,1
185,2,1
186,2,1
187,2,1
188,2,1
189,2,1
190,2,1
191,2,1
192,2,1
193,2,1
194,2,1
195,2,1
196,2,1
197,2,1
198,2,1
199,2,0
200,2,1
201,2,0
202,2,1
203,2,1
204,2,1
205,2,1
206,2,1
207,2,1
208,2,1
209,2,1
210,2,1
211,2,0
212,2,1
213,2,0
214,2,1
215,2,1
216,2,1
217,2,1
218,2,1
219,2,0
220,2,1
221,2,1
222,2,1
223,2,1
224,2,1
225,2,1
226,2,1
227,2,1
228,2,0
229,2,1
230,2,1
231,2,1
232,2,1
233,2,1
234,2,1
235,2,1
236,2,1
237,2,1
238,2,1
239,2,1
240,2,1
241,2,1
242,2,1
243,2,1
244,2,1
245,2,1
246,2,1
247,2,1
248,2,1
249,2,1
250,2,1
251,2,1
252,2,1
253,2,1
254,2,0
255,2,0
256,2,1
257,2,0
258,2,1
259,2,0
260,2,1
261,2,1
262,2,1
263,2,1
264,2,1
265,2,0
266,2,1
267,2,0
268,2,1
269,2,1
270,2,1
271,2,1
272,2,0
273,2,1
274,2,1
275,2,1
276,2,1
277,2,1
278,2,0
279,2,1
280,2,1
281,2,1
282,2,1
283,2,1
284,2,1
285,2,1
286,2,1
287,2,1
288,2,1
289,2,1
290,2,1
291,2,0
292,2,1
293,2,0
294,2,1
295,2,1
296,2,1
297,2,1
298,2,1
299,2,1
300,2,1
301,2,1
302,2,0
303,2,1
304,2,1
305,2,1
306,2,1
307,2,1
308,2,1
309,2,1
310,2,1
311,2,1
312,2,1
313,2,1
314,2,1
315,2,1
316,2,1
317,2,1
318,2,1
319,2,1
320,2,1
321,2,1
322,2,1
323,2,1
324,2,1
325,2,1
326,2,1
327,2,1
328,2,1
329,2,1
330,2,1
331,2,1
332,2,1
333,2,1
334,2,1
335,2,1
336,2,1
337,2,1
338,2,1
339,2,1
340,2,1
341,2,1
342,2,1
343,2,1
344,2,1
345,2,1
346,2,1
347,2,1
348,2,1
349,2,1
350,2,0
351,2,1
352,2,1
353,2,1
354,2,1
355,2,1
356,2,1
357,2,1
358,2,1
359,2,1
360,2,1
361,2,0
362,2,1
363,2,1
364,2,1
365,2,1
366,2,1
367,2,1
368,2,1
369,2,1
370,2,1
371,2,1
372,2,1
373,2,1
374,2,1
375,2,1
376,2,1
377,2,1
378,2,1
379,2,1
380,2,1
381,2,1
382,2,1
383,2,1
384,2,1
385,2,0
386,2,0
387,2,0
388,2,1
389,2,1
390,2,1
391,2,1
392,2,1
393,2,1
394,2,1
395,2,1
396,2,1
397,2,1
398,2,1
399,2,1
400,2,1
401,2,1
402,2,1
403,2,1
404,2,1
405,2,1
406,2,1
407,2,1
408,2,1
409,2,1
410,2,1
411,2,1
412,2,0
413,2,1
414,2,1
415,2,1
416,2,1
417,2,1
418,2,1
419,2,1
420,2,1
421,2,1
422,2,0
423,2,1
424,2,1
425,2,1
426,2,1
427,2,1
428,2,1
429,2,1
430,2,1
431,2,1
432,2,1
433,2,1
434,2,1
435,2,1
436,2,0
437,2,1
438,2,1
439,2,0
440,2,1
441,2,1
442,2,0
443,2,1
444,2,1
445,2,1
446,2,1
447,2,1
448,2,1
449,2,1
450,2,1
451,2,1
452,2,1
453,2,1
454,2,1
455,2,1
456,2,1
457,2,1
458,2,1
459,2,1
460,2,0
461,2,1
462,2,0
463,2,0
464,2,1
465,2,1
466,2,0
467,2,1
468,2,1
469,2,1
470,2,1
471,2,1
472,2,0
473,2,1
474,2,1
475,2,1
476,2,1
477,2,1
478,2,1
479,2,1
480,2,1
481,2,1
482,2,1
483,2,1
484,2,0
485,2,1
486,2,1
487,2,1
488,2,1
489,2,1
490,2,1
491,2,1
492,2,0
493,2,1
494,2,0
495,2,1
496,2,1
497,2,1
498,2,1
499,2,0
500,2,0
1,3,1
2,3,0
3,3,1
4,3,1
5,3,1
6,3,1
7,3,1
8,3,1
9,3,1
10,3,1
11,3,1
12,3,1
13,3,1
14,3,1
15,3,1
16,3,1
17,3,1
18,3,1
19,3,1
20,3,0
21,3,1
22,3,1
23,3,1
24,3,1
25,3,1
26,3,1
27,3,1
28,3,1
29,3,1
30,3,1
31,3,1
32,3,0
33,3,1
34,3,1
35,3,1
36,3,1
37,3,1
38,3,1
39,3,1
40,3,1
41,3,1
42,3,0
43,3,1
44,3,1
45,3,1
46,3,1
47,3,1
48,3,1
49,3,1
50,3,1
51,3,0
52,3,1
53,3,1
54,3,1
55,3,1
56,3,1
57,3,1
58,3,1
59,3,1
60,3,1
61,3,1
62,3,1
63,3,1
64,3,1
65,3,1
66,3,1
67,3,1
68,3,1
69,3,1
70,3,1
71,3,1
72,3,1
73,3,1
74,3,1
75,3,1
76,3,1
77,3,1
78,3,1
79,3,1
80,3,1
81,3,1
82,3,1
83,3,1
84,3,1
85,3,1
86,3,1
87,3,1
88,3,0
89,3,0
90,3,1
91,3,1
92,3,1
93,3,1
94,3,0
95,3,1
96,3,1
97,3,1
98,3,1
99,3,0
100,3,1
101,3,1
102,3,1
103,3,1
104,3,1
105,3,1
106,3,1
107,3,1
108,3,0
109,3,1
110,3,0
111,3,1
112,3,1
113,3,1
114,3,1
115,3,1
116,3,1
117,3,1
118,3,1
119,3,1
120,3,1
121,3,1
122,3,1
123,3,1
124,3,1
125,3,1
126,3,1
127,3,1
128,3,1
129,3,1
130,3,1
131,3,1
132,3,1
133,3,1
134,3,1
135,3,1
136,3,1
137,3,1
138,3,1
139,3,1
140,3,1
141,3,1
142,3,1
143,3,1
144,3,1
145,3,1
146,3,1
147,3,0
148,3,1
149,3,1
150,3,1
151,3,1
152,3,0
153,3,1
154,3,1
155,3,1
156,3,1
157,3,1
158,3,0
159,3,1
160,3,1
161,3,1
162,3,1
163,3,1
164,3,1
165,3,1
166,3,1
167,3,1
168,3,1
169,3,1
170,3,1
171,3,1
172,3,1
173,3,1
174,3,1
175,3,1
176,3,1
177,3,1
178,3,1
179,3,1
180,3,0
181,3,1
182,3,1
183,3,1
184,3,1
185,3,1
186,3,1
187,3,1
188,3,1
189,3,1
190,3,1
191,3,1
192,3,1
193,3,1
194,3,1
195,3,1
196,3,1
197,3,1
198,3,1
199,3,0
200,3,1
201,3,0
202,3,1
203,3,1
204,3,1
205,3,1
206,3,1
207,3,1
208,3,1
209,3,1
210,3,1
211,3,0
212,3,1
213,3,0
214,3,1
215,3,1
216,3,1
217,3,1
218,3,1
219,3,0
220,3,1
221,3,1
222,3,1
223,3,1
224,3,1
225,3,1
226,3,1
227,3,1
228,3,0
229,3,1
230,3,1
231,3,1
232,3,1
233,3,1
234,3,1
235,3,1
236,3,1
237,3,1
238,3,1
239,3,1
240,3,1
241,3,1
242,3,1
243,3,1
244,3,1
245,3,1
246,3,1
247,3,1
248,3,1
249,3,1
250,3,1
251,3,1
252,3,1
253,3,1
254,3,0
255,3,0
256,3,1
257,3,0
258,3,1
259,3,0
260,3,1
261,3,1
262,3,1
263,3,1
264,3,1
265,3,0
266,3,1
267,3,0
268,3,1
269,3,1
270,3,1
271,3,1
272,3,0
273,3,1
274,3,1
275,3,1
276,3,1
277,3,1
278,3,0
279,3,1
280,3,1
281,3,1
282,3,1
283,3,1
284,3,1
285,3,1
286,3,1
287,3,1
288,3,1
289,3,1
290,3,1
291,3,0
292,3,1
293,3,0
294,3,1
295,3,1
296,3,1
297,3,1
298,3,1
299,3,1
300,3,1
301,3,1
302,3,0
303,3,1
304,3,1
305,3,1
306,3,1
307,3,1
308,3,1
309,3,1
310,3,1
311,3,1
312,3,1
313,3,1
314,3,1
315,3,1
316,3,1
317,3,1
318,3,1
319,3,1
320,3,1
321,3,1
322,3,1
323,3,1
324,3,1
325,3,1
326,3,1
327,3,1
328,3,1
329,3,1
330,3,1
331,3,1
332,3,1
333,3,1
334,3,1
335,3,1
336,3,1
337,3,1
338,3,1
339,3,1
340,3,1
341,3,1
342,3,1
343,3,1
344,3,1
345,3,1
346,3,1
347,3,1
348,3,1
349,3,1
350,3,0
351,3,1
352,3,1
353,3,1
354,3,1
355,3,1
356,3,1
357,3,1
358,3,1
359,3,1
360,3,1
361,3,0
362,3,1
363,3,1
364,3,1
365,3,1
366,3,1
367,3,1
368,3,1
369,3,1
370,3,1
371,3,1
372,3,1
373,3,1
374,3,1
375,3,1
376,3,1
377,3,1
378,3,1
379,3,1
380,3,1
381,3,1
382,3,1
383,3,1
384,3,1
385,3,0
386,3,0
387,3,0
388,3,1
389,3,1
390,3,1
391,3,1
392,3,1
393,3,1
394,3,1
395,3,1
396,3,1
397,3,1
398,3,1
399,3,1
400,3,1
401,3,1
402,3,1
403,3,1
404,3,1
405,3,1
406,3,1
407,3,1
408,3,1
409,3,1
410,3,1
411,3,1
412,3,0
413,3,1
414,3,1
415,3,1
416,3,1
417,3,1
418,3,1
419,3,1
420,3,1
421,3,1
422,3,0
423,3,1
424,3,1
425,3,1
426,3,1
427,3,1
428,3,1
429,3,1
430,3,1
431,3,1
432,3,1
433,3,1
434,3,1
435,3,1
436,3,0
437,3,1
438,3,1
439,3,0
440,3,1
441,3,1
442,3,0
443,3,1
444,3,1
445,3,1
446,3,1
447,3,1
448,3,1
449,3,1
450,3,1
451,3,1
452,3,1
453,3,1
454,3,1
455,3,1
456,3,1
457,3,1
458,3,1
459,3,1
460,3,0
461,3,1
462,3,0
463,3,0
464,3,1
465,3,1
466,3,0
467,3,1
468,3,1
469,3,1
470,3,1
471,3,1
472,3,0
473,3,1
474,3,1
475,3,1
476,3,1
477,3,1
478,3,1
479,3,1
480,3,1
481,3,1
482,3,1
483,3,1
484,3,0
485,3,1
486,3,1
487,3,1
488,3,1
489,3,1
490,3,1
491,3,1
492,3,0
493,3,1
494,3,0
495,3,1
496,3,1
497,3,1
498,3,1
499,3,0
500,3,0
1,4,1
2,4,0
3,4,1
4,4,1
5,4,1
6,4,1
7,4,1
8,4,1
9,4,1
10,4,1
11,4,1
12,4,1
13,4,1
14,4,1
15,4,1
16,4,1
17,4,1
18,4,1
19,4,1
20,4,0
21,4,1
22,4,1
23,4,1
24,4,1
25,4,1
26,4,1
27,4,1
28,4,1
29,4,1
30,4,1
31,4,1
32,4,0
33,4,1
34,4,1
35,4,1
36,4,1
37,4,1
38,4,1
39,4,1
40,4,1
41,4,1
42,4,0
43,4,1
44,4,1
45,4,1
46,4,1
47,4,1
48,4,1
49,4,1
50,4,1
51,4,0
52,4,1
53,4,1
54,4,1
55,4,1
56,4,1
57,4,1
58,4,1
59,4,1
60,4,1
61,4,1
62,4,1
63,4,1
64,4,1
65,4,1
66,4,1
67,4,1
68,4,1
69,4,1
70,4,1
71,4,1
72,4,1
73,4,1
74,4,1
75,4,1
76,4,1
77,4,1
78,4,1
79,4,1
80,4,1
81,4,1
82,4,1
83,4,1
84,4,1
85,4,1
86,4,1
87,4,1
88,4,0
89,4,0
90,4,1
91,4,1
92,4,1
93,4,1
94,4,0
95,4,1
96,4,1
97,4,1
98,4,1
99,4,0
100,4,1
101,4,1
102,4,1
103,4,1
104,4,1
105,4,1
106,4,1
107,4,1
108,4,0
109,4,1
110,4,0
111,4,1
112,4,1
113,4,1
114,4,1
115,4,1
116,4,1
117,4,1
118,4,1
119,4,1
120,4,1
121,4,1
122,4,1
123,4,1
124,4,1
125,4,1
126,4,1
127,4,1
128,4,1
129,4,0
130,4,1
131,4,1
132,4,1
133,4,1
134,4,1
135,4,1
136,4,1
137,4,1
138,4,1
139,4,1
140,4,1
141,4,1
142,4,1
143,4,1
144,4,1
145,4,1
146,4,1
147,4,0
148,4,1
149,4,1
150,4,1
151,4,1
152,4,0
153,4,1
154,4,1
155,4,1
156,4,1
157,4,1
158,4,0
159,4,1
160,4,1
161,4,1
162,4,1
163,4,1
164,4,1
165,4,1
166,4,1
167,4,1
168,4,1
169,4,1
170,4,1
171,4,1
172,4,1
173,4,1
174,4,1
175,4,1
176,4,1
177,4,1
178,4,1
179,4,1
180,4,0
181,4,1
182,4,1
183,4,1
184,4,1
185,4,1
186,4,1
187,4,1
188,4,1
189,4,1
190,4,1
191,4,1
192,4,1
193,4,1
194,4,1
195,4,1
196,4,1
197,4,1
198,4,1
199,4,0
200,4,1
201,4,0
202,4,1
203,4,1
204,4,1
205,4,1
206,4,1
207,4,1
208,4,1
209,4,1
210,4,1
211,4,0
212,4,1
213,4,0
214,4,1
215,4,1
216,4,1
217,4,1
218,4,1
219,4,0
220,4,1
221,4,1
222,4,1
223,4,1
224,4,1
225,4,1
226,4,1
227,4,1
228,4,0
229,4,1
230,4,1
231,4,1
232,4,1
233,4,0
234,4,1
235,4,1
236,4,1
237,4,1
238,4,1
239,4,1
240,4,1
241,4,1
242,4,1
243,4,1
244,4,1
245,4,1
246,4,1
247,4,1
248,4,1
249,4,1
250,4,1
251,4,1
252,4,1
253,4,1
254,4,0
255,4,0
256,4,1
257,4,0
258,4,1
259,4,0
260,4,1
261,4,1
262,4,1
263,4,1
264,4,1
265,4,0
266,4,1
267,4,0
268,4,1
269,4,1
270,4,1
271,4,1
272,4,0
273,4,1
274,4,1
275,4,1
276,4,1
277,4,1
278,4,0
279,4,1
280,4,1
281,4,1
282,4,1
283,4,1
284,4,1
285,4,1
286,4,1
287,4,1
288,4,1
289,4,1
290,4,1
291,4,0
292,4,1
293,4,0
294,4,1
295,4,1
296,4,1
297,4,1
298,4,1
299,4,1
300,4,1
301,4,1
302,4,0
303,4,1
304,4,1
305,4,1
306,4,1
307,4,1
308,4,1
309,4,1
310,4,1
311,4,1
312,4,1
313,4,1
314,4,1
315,4,1
316,4,1
317,4,1
318,4,1
319,4,1
320,4,1
321,4,1
322,4,1
323,4,1
324,4,1
325,4,1
326,4,1
327,4,1
328,4,1
329,4,1
330,4,1
331,4,1
332,4,1
333,4,1
334,4,1
335,4,1
336,4,1
337,4,1
338,4,1
339,4,1
340,4,1
341,4,1
342,4,1
343,4,1
344,4,1
345,4,1
346,4,1
347,4,1
348,4,1
349,4,1
350,4,0
351,4,1
352,4,1
353,4,1
354,4,1
355,4,1
356,4,1
357,4,1
358,4,1
359,4,1
360,4,1
361,4,0
362,4,1
363,4,1
364,4,1
365,4,1
366,4,1
367,4,1
368,4,1
369,4,1
370,4,1
371,4,1
372,4,1
373,4,1
374,4,1
375,4,1
376,4,1
377,4,1
378,4,1
379,4,1
380,4,1
381,4,1
382,4,1
383,4,1
384,4,1
385,4,0
386,4,0
387,4,0
388,4,1
389,4,1
390,4,1
391,4,1
392,4,1
393,4,1
394,4,1
395,4,1
396,4,1
397,4,1
398,4,1
399,4,1
400,4,1
401,4,1
402,4,1
403,4,1
404,4,1
405,4,1
406,4,1
407,4,1
408,4,1
409,4,1
410,4,1
411,4,1
412,4,0
413,4,1
414,4,1
415,4,1
416,4,1
417,4,1
418,4,1
419,4,1
420,4,1
421,4,1
422,4,0
423,4,1
424,4,1
425,4,1
426,4,1
427,4,1
428,4,1
429,4,1
430,4,1
431,4,1
432,4,1
433,4,1
434,4,1
435,4,1
436,4,0
437,4,1
438,4,1
439,4,0
440,4,1
441,4,1
442,4,0
443,4,1
444,4,1
445,4,1
446,4,1
447,4,1
448,4,1
449,4,1
450,4,1
451,4,1
452,4,1
453,4,1
454,4,1
455,4,1
456,4,1
457,4,1
458,4,1
459,4,1
460,4,0
461,4,1
462,4,0
463,4,0
464,4,1
465,4,1
466,4,0
467,4,1
468,4,1
469,4,1
470,4,1
471,4,1
472,4,0
473,4,1
474,4,1
475,4,1
476,4,1
477,4,1
478,4,1
479,4,1
480,4,1
481,4,1
482,4,1
483,4,1
484,4,0
485,4,1
486,4,1
487,4,1
488,4,1
489,4,1
490,4,1
491,4,1
492,4,0
493,4,1
494,4,0
495,4,1
496,4,1
497,4,1
498,4,1
499,4,0
500,4,0
1,5,1
2,5,0
3,5,1
4,5,1
5,5,1
6,5,1
7,5,0
8,5,1
9,5,1
10,5,1
11,5,1
12,5,1
13,5,1
14,5,1
15,5,1
16,5,1
17,5,1
18,5,1
19,5,1
20,5,0
21,5,1
22,5,1
23,5,1
24,5,1
25,5,1
26,5,1
27,5,1
28,5,1
29,5,1
30,5,1
31,5,1
32,5,0
33,5,1
34,5,1
35,5,0
36,5,1
37,5,1
38,5,1
39,5,1
40,5,1
41,5,1
42,5,0
43,5,0
44,5,1
45,5,0
46,5,0
47,5,0
48,5,1
49,5,1
50,5,1
51,5,0
52,5,1
53,5,1
54,5,1
55,5,1
56,5,1
57,5,1
58,5,1
59,5,1
60,5,1
61,5,1
62,5,1
63,5,1
64,5,1
65,5,1
66,5,0
67,5,0
68,5,1
69,5,1
70,5,1
71,5,1
72,5,1
73,5,1
74,5,0
75,5,0
76,5,1
77,5,1
78,5,1
79,5,1
80,5,1
81,5,1
82,5,1
83,5,1
84,5,1
85,5,1
86,5,1
87,5,1
88,5,0
89,5,0
90,5,1
91,5,1
92,5,1
93,5,1
94,5,0
95,5,1
96,5,1
97,5,1
98,5,0
99,5,0
100,5,1
101,5,1
102,5,1
103,5,1
104,5,1
105,5,1
106,5,1
107,5,0
108,5,0
109,5,1
110,5,0
111,5,1
112,5,1
113,5,1
114,5,1
115,5,1
116,5,1
117,5,1
118,5,1
119,5,0
120,5,1
121,5,1
122,5,1
123,5,1
124,5,1
125,5,1
126,5,1
127,5,1
128,5,1
129,5,0
130,5,1
131,5,1
132,5,1
133,5,0
134,5,1
135,5,1
136,5,1
137,5,1
138,5,1
139,5,1
140,5,1
141,5,1
142,5,1
143,5,1
144,5,1
145,5,1
146,5,0
147,5,0
148,5,1
149,5,1
150,5,0
151,5,1
152,5,0
153,5,1
154,5,1
155,5,0
156,5,1
157,5,1
158,5,0
159,5,1
160,5,1
161,5,1
162,5,0
163,5,1
164,5,1
165,5,1
166,5,1
167,5,1
168,5,1
169,5,1
170,5,0
171,5,1
172,5,0
173,5,1
174,5,1
175,5,1
176,5,1
177,5,1
178,5,1
179,5,1
180,5,0
181,5,0
182,5,1
183,5,0
184,5,1
185,5,1
186,5,1
187,5,1
188,5,1
189,5,1
190,5,1
191,5,1
192,5,1
193,5,1
194,5,1
195,5,1
196,5,0
197,5,0
198,5,1
199,5,0
200,5,1
201,5,0
202,5,1
203,5,1
204,5,1
205,5,0
206,5,1
207,5,1
208,5,1
209,5,1
210,5,1
211,5,0
212,5,1
213,5,0
214,5,1
215,5,1
216,5,0
217,5,1
218,5,1
219,5,0
220,5,1
221,5,1
222,5,1
223,5,1
224,5,1
225,5,1
226,5,1
227,5,1
228,5,0
229,5,1
230,5,1
231,5,0
232,5,1
233,5,0
234,5,1
235,5,1
236,5,1
237,5,1
238,5,0
239,5,1
240,5,1
241,5,0
242,5,1
243,5,1
244,5,1
245,5,0
246,5,1
247,5,1
248,5,1
249,5,1
250,5,1
251,5,1
252,5,1
253,5,1
254,5,0
255,5,0
256,5,1
257,5,0
258,5,0
259,5,0
260,5,1
261,5,1
262,5,1
263,5,0
264,5,0
265,5,0
266,5,1
267,5,0
268,5,1
269,5,1
270,5,0
271,5,1
272,5,0
273,5,1
274,5,1
275,5,1
276,5,1
277,5,1
278,5,0
279,5,1
280,5,1
281,5,1
282,5,1
283,5,1
284,5,0
285,5,1
286,5,1
287,5,1
288,5,1
289,5,1
290,5,0
291,5,0
292,5,1
293,5,0
294,5,1
295,5,0
296,5,0
297,5,1
298,5,1
299,5,1
300,5,0
301,5,1
302,5,0
303,5,0
304,5,1
305,5,1
306,5,1
307,5,1
308,5,1
309,5,1
310,5,1
311,5,1
312,5,1
313,5,0
314,5,1
315,5,1
316,5,1
317,5,1
318,5,1
319,5,1
320,5,0
321,5,1
322,5,1
323,5,1
324,5,0
325,5,1
326,5,1
327,5,1
328,5,1
329,5,1
330,5,1
331,5,0
332,5,1
333,5,1
334,5,1
335,5,1
336,5,0
337,5,1
338,5,1
339,5,1
340,5,1
341,5,1
342,5,1
343,5,1
344,5,1
345,5,0
346,5,1
347,5,1
348,5,1
349,5,1
350,5,0
351,5,0
352,5,0
353,5,1
354,5,1
355,5,1
356,5,0
357,5,1
358,5,1
359,5,1
360,5,1
361,5,0
362,5,1
363,5,0
364,5,1
365,5,1
366,5,1
367,5,1
368,5,1
369,5,1
370,5,0
371,5,1
372,5,1
373,5,1
374,5,1
375,5,1
376,5,1
377,5,0
378,5,1
379,5,1
380,5,0
381,5,0
382,5,1
383,5,1
384,5,1
385,5,0
386,5,0
387,5,0
388,5,1
389,5,1
390,5,1
391,5,0
392,5,1
393,5,1
394,5,0
395,5,1
396,5,1
397,5,0
398,5,0
399,5,1
400,5,1
401,5,1
402,5,1
403,5,1
404,5,1
405,5,1
406,5,1
407,5,1
408,5,1
409,5,1
410,5,1
411,5,1
412,5,0
413,5,1
414,5,0
415,5,0
416,5,1
417,5,1
418,5,1
419,5,0
420,5,0
421,5,1
422,5,0
423,5,1
424,5,1
425,5,1
426,5,1
427,5,1
428,5,1
429,5,1
430,5,1
431,5,1
432,5,1
433,5,1
434,5,1
435,5,1
436,5,0
437,5,1
438,5,1
439,5,0
440,5,1
441,5,1
442,5,0
443,5,1
444,5,1
445,5,1
446,5,1
447,5,1
448,5,1
449,5,1
450,5,0
451,5,0
452,5,0
453,5,1
454,5,1
455,5,1
456,5,1
457,5,1
458,5,1
459,5,1
460,5,0
461,5,0
462,5,0
463,5,0
464,5,1
465,5,0
466,5,0
467,5,1
468,5,0
469,5,1
470,5,1
471,5,1
472,5,0
473,5,0
474,5,1
475,5,1
476,5,1
477,5,1
478,5,1
479,5,0
480,5,1
481,5,1
482,5,1
483,5,0
484,5,0
485,5,1
486,5,1
487,5,1
488,5,1
489,5,1
490,5,1
491,5,1
492,5,0
493,5,1
494,5,0
495,5,1
496,5,1
497,5,1
498,5,1
499,5,0
500,5,0
1,6,1
2,6,0
3,6,1
4,6,1
5,6,1
6,6,1
7,6,0
8,6,1
9,6,1
10,6,1
11,6,1
12,6,1
13,6,1
14,6,1
15,6,1
16,6,1
17,6,1
18,6,1
19,6,1
20,6,0
21,6,1
22,6,1
23,6,1
24,6,1
25,6,1
26,6,1
27,6,1
28,6,1
29,6,1
30,6,1
31,6,1
32,6,0
33,6,1
34,6,1
35,6,0
36,6,1
37,6,1
38,6,1
39,6,1
40,6,1
41,6,1
42,6,0
43,6,0
44,6,1
45,6,0
46,6,0
47,6,0
48,6,1
49,6,1
50,6,1
51,6,0
52,6,1
53,6,1
54,6,1
55,6,1
56,6,1
57,6,1
58,6,1
59,6,1
60,6,1
61,6,1
62,6,1
63,6,1
64,6,1
65,6,1
66,6,0
67,6,0
68,6,1
69,6,1
70,6,1
71,6,1
72,6,1
73,6,1
74,6,0
75,6,0
76,6,1
77,6,1
78,6,1
79,6,1
80,6,1
81,6,1
82,6,1
83,6,1
84,6,1
85,6,1
86,6,1
87,6,1
88,6,0
89,6,0
90,6,1
91,6,1
92,6,1
93,6,1
94,6,0
95,6,1
96,6,1
97,6,1
98,6,0
99,6,0
100,6,1
101,6,1
102,6,1
103,6,1
104,6,1
105,6,1
106,6,1
107,6,0
108,6,0
109,6,1
110,6,0
111,6,1
112,6,1
113,6,1
114,6,1
115,6,1
116,6,1
117,6,1
118,6,1
119,6,0
120,6,1
121,6,1
122,6,1
123,6,1
124,6,1
125,6,1
126,6,1
127,6,1
128,6,1
129,6,0
130,6,1
131,6,1
132,6,1
133,6,0
134,6,1
135,6,1
136,6,1
137,6,1
138,6,1
139,6,1
140,6,1
141,6,1
142,6,1
143,6,1
144,6,1
145,6,1
146,6,0
147,6,0
148,6,1
149,6,1
150,6,0
151,6,1
152,6,0
153,6,1
154,6,1
155,6,0
156,6,1
157,6,1
158,6,0
159,6,1
160,6,1
161,6,1
162,6,0
163,6,1
164,6,1
165,6,1
166,6,1
167,6,1
168,6,1
169,6,1
170,6,0
171,6,1
172,6,0
173,6,1
174,6,1
175,6,1
176,6,1
177,6,1
178,6,1
179,6,1
180,6,0
181,6,0
182,6,1
183,6,0
184,6,1
185,6,1
186,6,1
187,6,1
188,6,1
189,6,1
190,6,1
191,6,1
192,6,1
193,6,0
194,6,1
195,6,1
196,6,0
197,6,0
198,6,1
199,6,0
200,6,1
201,6,0
202,6,1
203,6,1
204,6,1
205,6,0
206,6,1
207,6,1
208,6,1
209,6,1
210,6,1
211,6,0
212,6,1
213,6,0
214,6,1
215,6,1
216,6,0
217,6,1
218,6,1
219,6,0
220,6,1
221,6,1
222,6,1
223,6,1
224,6,1
225,6,1
226,6,1
227,6,1
228,6,0
229,6,1
230,6,1
231,6,0
232,6,1
233,6,0
234,6,1
235,6,1
236,6,1
237,6,1
238,6,0
239,6,1
240,6,1
241,6,0
242,6,1
243,6,1
244,6,1
245,6,0
246,6,1
247,6,1
248,6,1
249,6,1
250,6,1
251,6,1
252,6,1
253,6,1
254,6,0
255,6,0
256,6,1
257,6,0
258,6,0
259,6,0
260,6,1
261,6,1
262,6,1
263,6,0
264,6,0
265,6,0
266,6,1
267,6,0
268,6,1
269,6,1
270,6,0
271,6,1
272,6,0
273,6,1
274,6,1
275,6,1
276,6,1
277,6,1
278,6,0
279,6,1
280,6,1
281,6,1
282,6,1
283,6,1
284,6,0
285,6,1
286,6,1
287,6,1
288,6,1
289,6,1
290,6,0
291,6,0
292,6,1
293,6,0
294,6,1
295,6,0
296,6,0
297,6,1
298,6,0
299,6,1
300,6,0
301,6,1
302,6,0
303,6,0
304,6,1
305,6,1
306,6,1
307,6,1
308,6,1
309,6,1
310,6,0
311,6,1
312,6,1
313,6,0
314,6,1
315,6,1
316,6,1
317,6,1
318,6,1
319,6,1
320,6,0
321,6,1
322,6,1
323,6,1
324,6,0
325,6,1
326,6,1
327,6,1
328,6,1
329,6,1
330,6,1
331,6,0
332,6,1
333,6,1
334,6,1
335,6,1
336,6,0
337,6,1
338,6,1
339,6,1
340,6,1
341,6,1
342,6,1
343,6,1
344,6,1
345,6,0
346,6,1
347,6,1
348,6,1
349,6,1
350,6,0
351,6,0
352,6,0
353,6,1
354,6,1
355,6,1
356,6,0
357,6,1
358,6,1
359,6,1
360,6,1
361,6,0
362,6,1
363,6,0
364,6,0
365,6,1
366,6,1
367,6,1
368,6,1
369,6,1
370,6,0
371,6,1
372,6,1
373,6,1
374,6,1
375,6,1
376,6,1
377,6,0
378,6,1
379,6,1
380,6,0
381,6,0
382,6,1
383,6,1
384,6,1
385,6,0
386,6,0
387,6,0
388,6,1
389,6,1
390,6,1
391,6,0
392,6,1
393,6,1
394,6,0
395,6,1
396,6,1
397,6,0
398,6,0
399,6,1
400,6,1
401,6,1
402,6,1
403,6,1
404,6,1
405,6,1
406,6,1
407,6,1
408,6,1
409,6,1
410,6,1
411,6,1
412,6,0
413,6,1
414,6,0
415,6,0
416,6,1
417,6,1
418,6,1
419,6,0
420,6,0
421,6,1
422,6,0
423,6,1
424,6,1
425,6,1
426,6,1
427,6,1
428,6,1
429,6,1
430,6,1
431,6,1
432,6,1
433,6,1
434,6,1
435,6,1
436,6,0
437,6,1
438,6,1
439,6,0
440,6,1
441,6,1
442,6,0
443,6,1
444,6,1
445,6,1
446,6,1
447,6,1
448,6,1
449,6,1
450,6,0
451,6,0
452,6,0
453,6,1
454,6,1
455,6,1
456,6,1
457,6,1
458,6,1
459,6,1
460,6,0
461,6,0
462,6,0
463,6,0
464,6,1
465,6,0
466,6,0
467,6,1
468,6,0
469,6,1
470,6,1
471,6,1
472,6,0
473,6,0
474,6,1
475,6,1
476,6,1
477,6,1
478,6,1
479,6,0
480,6,1
481,6,1
482,6,1
483,6,0
484,6,0
485,6,1
486,6,1
487,6,1
488,6,1
489,6,1
490,6,1
491,6,1
492,6,0
493,6,1
494,6,0
495,6,1
496,6,1
497,6,1
498,6,1
499,6,0
500,6,0
1,7,1
2,7,0
3,7,1
4,7,1
5,7,1
6,7,1
7,7,0
8,7,1
9,7,1
10,7,1
11,7,1
12,7,1
13,7,1
14,7,1
15,7,1
16,7,1
17,7,1
18,7,1
19,7,1
20,7,0
21,7,1
22,7,1
23,7,1
24,7,1
25,7,1
26,7,1
27,7,1
28,7,1
29,7,1
30,7,1
31,7,1
32,7,0
33,7,1
34,7,1
35,7,0
36,7,1
37,7,1
38,7,1
39,7,1
40,7,1
41,7,1
42,7,0
43,7,0
44,7,1
45,7,0
46,7,0
47,7,0
48,7,1
49,7,1
50,7,1
51,7,0
52,7,1
53,7,1
54,7,1
55,7,1
56,7,1
57,7,1
58,7,1
59,7,1
60,7,1
61,7,1
62,7,1
63,7,1
64,7,1
65,7,1
66,7,0
67,7,0
68,7,1
69,7,1
70,7,1
71,7,1
72,7,1
73,7,1
74,7,0
75,7,0
76,7,1
77,7,1
78,7,1
79,7,1
80,7,1
81,7,1
82,7,1
83,7,1
84,7,1
85,7,1
86,7,1
87,7,1
88,7,0
89,7,0
90,7,1
91,7,1
92,7,1
93,7,1
94,7,0
95,7,1
96,7,1
97,7,1
98,7,0
99,7,0
100,7,1
101,7,1
102,7,1
103,7,1
104,7,1
105,7,1
106,7,1
107,7,0
108,7,0
109,7,1
110,7,0
111,7,1
112,7,1
113,7,1
114,7,1
115,7,1
116,7,1
117,7,1
118,7,1
119,7,0
120,7,1
121,7,1
122,7,1
123,7,1
124,7,1
125,7,1
126,7,1
127,7,1
128,7,1
129,7,0
130,7,1
131,7,1
132,7,1
133,7,0
134,7,1
135,7,1
136,7,1
137,7,1
138,7,1
139,7,1
140,7,1
141,7,1
142,7,1
143,7,1
144,7,1
145,7,1
146,7,0
147,7,0
148,7,1
149,7,1
150,7,0
151,7,1
152,7,0
153,7,1
154,7,1
155,7,0
156,7,1
157,7,1
158,7,0
159,7,1
160,7,1
161,7,1
162,7,0
163,7,1
164,7,1
165,7,1
166,7,1
167,7,1
168,7,1
169,7,1
170,7,0
171,7,1
172,7,0
173,7,1
174,7,1
175,7,1
176,7,1
177,7,1
178,7,1
179,7,1
180,7,0
181,7,0
182,7,1
183,7,0
184,7,1
185,7,1
186,7,1
187,7,1
188,7,1
189,7,1
190,7,1
191,7,1
192,7,1
193,7,0
194,7,1
195,7,1
196,7,0
197,7,0
198,7,1
199,7,0
200,7,1
201,7,0
202,7,1
203,7,1
204,7,1
205,7,0
206,7,1
207,7,1
208,7,1
209,7,1
210,7,1
211,7,0
212,7,1
213,7,0
214,7,1
215,7,1
216,7,0
217,7,1
218,7,1
219,7,0
220,7,1
221,7,1
222,7,1
223,7,1
224,7,1
225,7,1
226,7,1
227,7,1
228,7,0
229,7,1
230,7,1
231,7,0
232,7,1
233,7,0
234,7,1
235,7,1
236,7,1
237,7,1
238,7,0
239,7,1
240,7,1
241,7,0
242,7,1
243,7,1
244,7,1
245,7,0
246,7,1
247,7,1
248,7,1
249,7,1
250,7,1
251,7,0
252,7,1
253,7,1
254,7,0
255,7,0
256,7,1
257,7,0
258,7,0
259,7,0
260,7,1
261,7,1
262,7,1
263,7,0
264,7,0
265,7,0
266,7,1
267,7,0
268,7,1
269,7,1
270,7,0
271,7,1
272,7,0
273,7,1
274,7,1
275,7,1
276,7,1
277,7,1
278,7,0
279,7,1
280,7,1
281,7,1
282,7,1
283,7,1
284,7,0
285,7,1
286,7,1
287,7,1
288,7,1
289,7,1
290,7,0
291,7,0
292,7,1
293,7,0
294,7,1
295,7,0
296,7,0
297,7,1
298,7,0
299,7,1
300,7,0
301,7,1
302,7,0
303,7,0
304,7,1
305,7,1
306,7,1
307,7,1
308,7,1
309,7,1
310,7,0
311,7,1
312,7,1
313,7,0
314,7,1
315,7,1
316,7,1
317,7,1
318,7,1
319,7,1
320,7,0
321,7,1
322,7,1
323,7,1
324,7,0
325,7,1
326,7,1
327,7,1
328,7,1
329,7,1
330,7,1
331,7,0
332,7,1
333,7,1
334,7,1
335,7,1
336,7,0
337,7,1
338,7,1
339,7,1
340,7,1
341,7,1
342,7,1
343,7,1
344,7,0
345,7,0
346,7,1
347,7,1
348,7,1
349,7,1
350,7,0
351,7,0
352,7,0
353,7,1
354,7,1
355,7,1
356,7,0
357,7,1
358,7,1
359,7,1
360,7,1
361,7,0
362,7,1
363,7,0
364,7,0
365,7,1
366,7,1
367,7,1
368,7,1
369,7,1
370,7,0
371,7,1
372,7,1
373,7,1
374,7,1
375,7,1
376,7,1
377,7,0
378,7,1
379,7,1
380,7,0
381,7,0
382,7,1
383,7,1
384,7,1
385,7,0
386,7,0
387,7,0
388,7,1
389,7,1
390,7,1
391,7,0
392,7,1
393,7,1
394,7,0
395,7,1
396,7,1
397,7,0
398,7,0
399,7,1
400,7,1
401,7,1
402,7,1
403,7,1
404,7,1
405,7,1
406,7,1
407,7,1
408,7,1
409,7,1
410,7,1
411,7,1
412,7,0
413,7,1
414,7,0
415,7,0
416,7,1
417,7,1
418,7,1
419,7,0
420,7,0
421,7,1
422,7,0
423,7,1
424,7,1
425,7,1
426,7,1
427,7,1
428,7,1
429,7,1
430,7,1
431,7,1
432,7,1
433,7,1
434,7,1
435,7,1
436,7,0
437,7,1
438,7,1
439,7,0
440,7,1
441,7,1
442,7,0
443,7,1
444,7,1
445,7,1
446,7,1
447,7,1
448,7,1
449,7,1
450,7,0
451,7,0
452,7,0
453,7,1
454,7,1
455,7,1
456,7,1
457,7,1
458,7,1
459,7,1
460,7,0
461,7,0
462,7,0
463,7,0
464,7,1
465,7,0
466,7,0
467,7,1
468,7,0
469,7,1
470,7,1
471,7,1
472,7,0
473,7,0
474,7,1
475,7,1
476,7,1
477,7,1
478,7,1
479,7,0
480,7,1
481,7,1
482,7,1
483,7,0
484,7,0
485,7,1
486,7,1
487,7,1
488,7,1
489,7,1
490,7,1
491,7,1
492,7,0
493,7,1
494,7,0
495,7,1
496,7,1
497,7,1
498,7,1
499,7,0
500,7,0
1,8,1
2,8,0
3,8,1
4,8,1
5,8,1
6,8,1
7,8,0
8,8,1
9,8,1
10,8,1
11,8,1
12,8,1
13,8,1
14,8,1
15,8,1
16,8,1
17,8,1
18,8,1
19,8,1
20,8,0
21,8,1
22,8,1
23,8,1
24,8,1
25,8,1
26,8,1
27,8,1
28,8,1
29,8,1
30,8,1
31,8,1
32,8,0
33,8,1
34,8,1
35,8,0
36,8,1
37,8,1
38,8,1
39,8,1
40,8,1
41,8,1
42,8,0
43,8,0
44,8,1
45,8,0
46,8,0
47,8,0
48,8,1
49,8,1
50,8,1
51,8,0
52,8,1
53,8,1
54,8,1
55,8,1
56,8,1
57,8,1
58,8,1
59,8,1
60,8,1
61,8,1
62,8,1
63,8,1
64,8,1
65,8,1
66,8,0
67,8,0
68,8,1
69,8,1
70,8,1
71,8,1
72,8,1
73,8,1
74,8,0
75,8,0
76,8,1
77,8,1
78,8,1
79,8,1
80,8,1
81,8,1
82,8,1
83,8,1
84,8,1
85,8,1
86,8,1
87,8,1
88,8,0
89,8,0
90,8,1
91,8,1
92,8,1
93,8,1
94,8,0
95,8,1
96,8,1
97,8,1
98,8,0
99,8,0
100,8,1
101,8,1
102,8,1
103,8,1
104,8,1
105,8,1
106,8,1
107,8,0
108,8,0
109,8,1
110,8,0
111,8,1
112,8,1
113,8,1
114,8,1
115,8,1
116,8,1
117,8,1
118,8,1
119,8,0
120,8,1
121,8,1
122,8,1
123,8,1
124,8,1
125,8,1
126,8,1
127,8,1
128,8,1
129,8,0
130,8,1
131,8,1
132,8,1
133,8,0
134,8,1
135,8,1
136,8,1
137,8,1
138,8,1
139,8,1
140,8,1
141,8,1
142,8,1
143,8,1
144,8,1
145,8,0
146,8,0
147,8,0
148,8,1
149,8,1
150,8,0
151,8,1
152,8,0
153,8,1
154,8,1
155,8,0
156,8,1
157,8,1
158,8,0
159,8,1
160,8,1
161,8,1
162,8,0
163,8,1
164,8,1
165,8,1
166,8,1
167,8,1
168,8,1
169,8,1
170,8,0
171,8,1
172,8,0
173,8,1
174,8,1
175,8,1
176,8,1
177,8,1
178,8,1
179,8,1
180,8,0
181,8,0
182,8,1
183,8,0
184,8,1
185,8,1
186,8,1
187,8,1
188,8,1
189,8,1
190,8,1
191,8,1
192,8,1
193,8,0
194,8,1
195,8,1
196,8,0
197,8,0
198,8,1
199,8,0
200,8,1
201,8,0
202,8,1
203,8,1
204,8,1
205,8,0
206,8,1
207,8,1
208,8,1
209,8,1
210,8,1
211,8,0
212,8,1
213,8,0
214,8,1
215,8,1
216,8,0
217,8,1
218,8,1
219,8,0
220,8,1
221,8,1
222,8,1
223,8,1
224,8,1
225,8,1
226,8,1
227,8,1
228,8,0
229,8,1
230,8,1
231,8,0
232,8,1
233,8,0
234,8,1
235,8,1
236,8,1
237,8,1
238,8,0
239,8,1
240,8,1
241,8,0
242,8,1
243,8,1
244,8,1
245,8,0
246,8,1
247,8,1
248,8,1
249,8,1
250,8,1
251,8,0
252,8,1
253,8,1
254,8,0
255,8,0
256,8,1
257,8,0
258,8,0
259,8,0
260,8,1
261,8,1
262,8,1
263,8,0
264,8,0
265,8,0
266,8,1
267,8,0
268,8,1
269,8,1
270,8,0
271,8,1
272,8,0
273,8,1
274,8,1
275,8,1
276,8,1
277,8,1
278,8,0
279,8,1
280,8,1
281,8,1
282,8,1
283,8,1
284,8,0
285,8,1
286,8,1
287,8,1
288,8,1
289,8,1
290,8,0
291,8,0
292,8,1
293,8,0
294,8,1
295,8,0
296,8,0
297,8,1
298,8,0
299,8,1
300,8,0
301,8,1
302,8,0
303,8,0
304,8,1
305,8,1
306,8,1
307,8,1
308,8,0
309,8,1
310,8,0
311,8,1
312,8,1
313,8,0
314,8,1
315,8,1
316,8,1
317,8,1
318,8,1
319,8,1
320,8,0
321,8,1
322,8,1
323,8,1
324,8,0
325,8,1
326,8,1
327,8,1
328,8,1
329,8,1
330,8,1
331,8,0
332,8,1
333,8,1
334,8,1
335,8,1
336,8,0
337,8,1
338,8,1
339,8,1
340,8,1
341,8,1
342,8,1
343,8,1
344,8,0
345,8,0
346,8,1
347,8,1
348,8,1
349,8,1
350,8,0
351,8,0
352,8,0
353,8,1
354,8,1
355,8,1
356,8,0
357,8,1
358,8,1
359,8,1
360,8,1
361,8,0
362,8,1
363,8,0
364,8,0
365,8,1
366,8,1
367,8,1
368,8,1
369,8,1
370,8,0
371,8,1
372,8,1
373,8,1
374,8,1
375,8,1
376,8,1
377,8,0
378,8,1
379,8,1
380,8,0
381,8,0
382,8,1
383,8,1
384,8,1
385,8,0
386,8,0
387,8,0
388,8,1
389,8,1
390,8,1
391,8,0
392,8,1
393,8,1
394,8,0
395,8,1
396,8,1
397,8,0
398,8,0
399,8,1
400,8,1
401,8,1
402,8,1
403,8,1
404,8,1
405,8,1
406,8,1
407,8,1
408,8,1
409,8,1
410,8,1
411,8,1
412,8,0
413,8,1
414,8,0
415,8,0
416,8,1
417,8,1
418,8,1
419,8,0
420,8,0
421,8,1
422,8,0
423,8,1
424,8,1
425,8,1
426,8,1
427,8,1
428,8,1
429,8,1
430,8,1
431,8,1
432,8,1
433,8,1
434,8,1
435,8,1
436,8,0
437,8,1
438,8,1
439,8,0
440,8,1
441,8,1
442,8,0
443,8,1
444,8,1
445,8,1
446,8,1
447,8,1
448,8,1
449,8,1
450,8,0
451,8,0
452,8,0
453,8,1
454,8,1
455,8,1
456,8,1
457,8,1
458,8,1
459,8,1
460,8,0
461,8,0
462,8,0
463,8,0
464,8,1
465,8,0
466,8,0
467,8,1
468,8,0
469,8,1
470,8,1
471,8,1
472,8,0
473,8,0
474,8,1
475,8,1
476,8,1
477,8,1
478,8,1
479,8,0
480,8,1
481,8,1
482,8,1
483,8,0
484,8,0
485,8,1
486,8,1
487,8,1
488,8,1
489,8,1
490,8,1
491,8,1
492,8,0
493,8,1
494,8,0
495,8,1
496,8,1
497,8,1
498,8,1
499,8,0
500,8,0
1,9,1
2,9,0
3,9,1
4,9,1
5,9,1
6,9,1
7,9,0
8,9,1
9,9,1
10,9,1
11,9,1
12,9,1
13,9,1
14,9,1
15,9,1
16,9,1
17,9,1
18,9,1
19,9,1
20,9,0
21,9,1
22,9,1
23,9,1
24,9,1
25,9,1
26,9,1
27,9,1
28,9,1
29,9,1
30,9,1
31,9,1
32,9,0
33,9,1
34,9,1
35,9,0
36,9,1
37,9,1
38,9,1
39,9,1
40,9,1
41,9,1
42,9,0
43,9,0
44,9,1
45,9,0
46,9,0
47,9,0
48,9,1
49,9,1
50,9,1
51,9,0
52,9,1
53,9,0
54,9,1
55,9,1
56,9,1
57,9,1
58,9,1
59,9,1
60,9,1
61,9,1
62,9,0
63,9,1
64,9,1
65,9,1
66,9,0
67,9,0
68,9,1
69,9,1
70,9,1
71,9,1
72,9,1
73,9,1
74,9,0
75,9,0
76,9,1
77,9,1
78,9,1
79,9,1
80,9,1
81,9,1
82,9,1
83,9,1
84,9,1
85,9,1
86,9,1
87,9,1
88,9,0
89,9,0
90,9,1
91,9,1
92,9,1
93,9,1
94,9,0
95,9,1
96,9,1
97,9,1
98,9,0
99,9,0
100,9,1
101,9,1
102,9,1
103,9,1
104,9,1
105,9,1
106,9,1
107,9,0
108,9,0
109,9,1
110,9,0
111,9,1
112,9,1
113,9,1
114,9,1
115,9,1
116,9,1
117,9,1
118,9,1
119,9,0
120,9,1
121,9,1
122,9,1
123,9,1
124,9,1
125,9,1
126,9,1
127,9,1
128,9,1
129,9,0
130,9,1
131,9,1
132,9,1
133,9,0
134,9,1
135,9,1
136,9,1
137,9,1
138,9,1
139,9,1
140,9,1
141,9,1
142,9,1
143,9,1
144,9,1
145,9,0
146,9,0
147,9,0
148,9,1
149,9,1
150,9,0
151,9,1
152,9,0
153,9,1
154,9,1
155,9,0
156,9,0
157,9,1
158,9,0
159,9,1
160,9,1
161,9,1
162,9,0
163,9,1
164,9,1
165,9,1
166,9,1
167,9,1
168,9,1
169,9,1
170,9,0
171,9,1
172,9,0
173,9,1
174,9,1
175,9,1
176,9,1
177,9,1
178,9,1
179,9,1
180,9,0
181,9,0
182,9,1
183,9,0
184,9,1
185,9,1
186,9,1
187,9,1
188,9,1
189,9,1
190,9,1
191,9,1
192,9,1
193,9,0
194,9,1
195,9,1
196,9,0
197,9,0
198,9,1
199,9,0
200,9,1
201,9,0
202,9,1
203,9,1
204,9,1
205,9,0
206,9,1
207,9,1
208,9,1
209,9,1
210,9,1
211,9,0
212,9,1
213,9,0
214,9,1
215,9,1
216,9,0
217,9,1
218,9,1
219,9,0
220,9,1
221,9,1
222,9,1
223,9,1
224,9,1
225,9,1
226,9,1
227,9,1
228,9,0
229,9,1
230,9,1
231,9,0
232,9,1
233,9,0
234,9,1
235,9,1
236,9,1
237,9,1
238,9,0
239,9,1
240,9,1
241,9,0
242,9,1
243,9,1
244,9,1
245,9,0
246,9,1
247,9,1
248,9,1
249,9,1
250,9,1
251,9,0
252,9,1
253,9,1
254,9,0
255,9,0
256,9,1
257,9,0
258,9,0
259,9,0
260,9,1
261,9,1
262,9,1
263,9,0
264,9,0
265,9,0
266,9,1
267,9,0
268,9,1
269,9,1
270,9,0
271,9,1
272,9,0
273,9,1
274,9,1
275,9,1
276,9,1
277,9,1
278,9,0
279,9,1
280,9,1
281,9,1
282,9,1
283,9,1
284,9,0
285,9,1
286,9,1
287,9,1
288,9,1
289,9,1
290,9,0
291,9,0
292,9,1
293,9,0
294,9,1
295,9,0
296,9,0
297,9,1
298,9,0
299,9,1
300,9,0
301,9,1
302,9,0
303,9,0
304,9,1
305,9,1
306,9,1
307,9,1
308,9,0
309,9,1
310,9,0
311,9,1
312,9,1
313,9,0
314,9,1
315,9,1
316,9,1
317,9,1
318,9,1
319,9,1
320,9,0
321,9,1
322,9,1
323,9,1
324,9,0
325,9,1
326,9,1
327,9,1
328,9,1
329,9,1
330,9,1
331,9,0
332,9,1
333,9,1
334,9,1
335,9,1
336,9,0
337,9,1
338,9,1
339,9,1
340,9,1
341,9,1
342,9,1
343,9,0
344,9,0
345,9,0
346,9,1
347,9,1
348,9,1
349,9,1
350,9,0
351,9,0
352,9,0
353,9,0
354,9,1
355,9,1
356,9,0
357,9,1
358,9,1
359,9,1
360,9,1
361,9,0
362,9,1
363,9,0
364,9,0
365,9,1
366,9,1
367,9,1
368,9,1
369,9,1
370,9,0
371,9,1
372,9,1
373,9,1
374,9,1
375,9,1
376,9,1
377,9,0
378,9,1
379,9,1
380,9,0
381,9,0
382,9,1
383,9,1
384,9,1
385,9,0
386,9,0
387,9,0
388,9,1
389,9,1
390,9,1
391,9,0
392,9,1
393,9,1
394,9,0
395,9,1
396,9,1
397,9,0
398,9,0
399,9,1
400,9,1
401,9,1
402,9,1
403,9,1
404,9,1
405,9,1
406,9,1
407,9,1
408,9,1
409,9,1
410,9,1
411,9,1
412,9,0
413,9,1
414,9,0
415,9,0
416,9,1
417,9,1
418,9,1
419,9,0
420,9,0
421,9,1
422,9,0
423,9,1
424,9,1
425,9,1
426,9,1
427,9,1
428,9,1
429,9,1
430,9,1
431,9,1
432,9,1
433,9,1
434,9,1
435,9,1
436,9,0
437,9,1
438,9,0
439,9,0
440,9,1
441,9,1
442,9,0
443,9,1
444,9,1
445,9,1
446,9,1
447,9,1
448,9,1
449,9,1
450,9,0
451,9,0
452,9,0
453,9,1
454,9,1
455,9,1
456,9,1
457,9,1
458,9,1
459,9,1
460,9,0
461,9,0
462,9,0
463,9,0
464,9,1
465,9,0
466,9,0
467,9,1
468,9,0
469,9,1
470,9,1
471,9,1
472,9,0
473,9,0
474,9,1
475,9,1
476,9,1
477,9,1
478,9,1
479,9,0
480,9,1
481,9,1
482,9,1
483,9,0
484,9,0
485,9,1
486,9,1
487,9,1
488,9,1
489,9,1
490,9,1
491,9,1
492,9,0
493,9,1
494,9,0
495,9,1
496,9,1
497,9,1
498,9,1
499,9,0
500,9,0
1,10,1
2,10,0
3,10,1
4,10,1
5,10,1
6,10,1
7,10,0
8,10,1
9,10,1
10,10,1
11,10,1
12,10,1
13,10,1
14,10,1
15,10,1
16,10,1
17,10,0
18,10,1
19,10,1
20,10,0
21,10,1
22,10,1
23,10,1
24,10,1
25,10,1
26,10,1
27,10,1
28,10,1
29,10,1
30,10,1
31,10,1
32,10,0
33,10,1
34,10,1
35,10,0
36,10,1
37,10,1
38,10,1
39,10,1
40,10,1
41,10,1
42,10,0
43,10,0
44,10,1
45,10,0
46,10,0
47,10,0
48,10,1
49,10,0
50,10,1
51,10,0
52,10,1
53,10,0
54,10,1
55,10,1
56,10,1
57,10,1
58,10,1
59,10,1
60,10,1
61,10,1
62,10,0
63,10,1
64,10,1
65,10,1
66,10,0
67,10,0
68,10,1
69,10,1
70,10,1
71,10,1
72,10,1
73,10,1
74,10,0
75,10,0
76,10,0
77,10,0
78,10,1
79,10,1
80,10,1
81,10,1
82,10,1
83,10,1
84,10,1
85,10,1
86,10,1
87,10,1
88,10,0
89,10,0
90,10,1
91,10,1
92,10,1
93,10,1
94,10,0
95,10,1
96,10,1
97,10,1
98,10,0
99,10,0
100,10,1
101,10,1
102,10,1
103,10,1
104,10,1
105,10,1
106,10,1
107,10,0
108,10,0
109,10,1
110,10,0
111,10,1
112,10,1
113,10,1
114,10,1
115,10,1
116,10,1
117,10,1
118,10,1
119,10,0
120,10,1
121,10,1
122,10,1
123,10,1
124,10,1
125,10,1
126,10,1
127,10,1
128,10,1
129,10,0
130,10,1
131,10,1
132,10,1
133,10,0
134,10,1
135,10,1
136,10,1
137,10,1
138,10,1
139,10,1
140,10,1
141,10,1
142,10,1
143,10,1
144,10,1
145,10,0
146,10,0
147,10,0
148,10,1
149,10,1
150,10,0
151,10,0
152,10,0
153,10,1
154,10,1
155,10,0
156,10,0
157,10,1
158,10,0
159,10,1
160,10,1
161,10,1
162,10,0
163,10,1
164,10,1
165,10,1
166,10,1
167,10,1
168,10,1
169,10,1
170,10,0
171,10,1
172,10,0
173,10,1
174,10,1
175,10,1
176,10,1
177,10,1
178,10,1
179,10,1
180,10,0
181,10,0
182,10,1
183,10,0
184,10,1
185,10,1
186,10,1
187,10,1
188,10,1
189,10,1
190,10,1
191,10,1
192,10,1
193,10,0
194,10,1
195,10,1
196,10,0
197,10,0
198,10,1
199,10,0
200,10,1
201,10,0
202,10,1
203,10,1
204,10,1
205,10,0
206,10,1
207,10,1
208,10,1
209,10,1
210,10,1
211,10,0
212,10,1
213,10,0
214,10,1
215,10,1
216,10,0
217,10,1
218,10,1
219,10,0
220,10,1
221,10,1
222,10,1
223,10,1
224,10,1
225,10,1
226,10,1
227,10,1
228,10,0
229,10,1
230,10,1
231,10,0
232,10,1
233,10,0
234,10,1
235,10,1
236,10,1
237,10,1
238,10,0
239,10,1
240,10,1
241,10,0
242,10,1
243,10,1
244,10,1
245,10,0
246,10,1
247,10,1
248,10,1
249,10,1
250,10,1
251,10,0
252,10,1
253,10,1
254,10,0
255,10,0
256,10,1
257,10,0
258,10,0
259,10,0
260,10,1
261,10,1
262,10,1
263,10,0
264,10,0
265,10,0
266,10,1
267,10,0
268,10,1
269,10,1
270,10,0
271,10,1
272,10,0
273,10,1
274,10,1
275,10,1
276,10,1
277,10,1
278,10,0
279,10,1
280,10,1
281,10,1
282,10,1
283,10,1
284,10,0
285,10,1
286,10,1
287,10,1
288,10,1
289,10,1
290,10,0
291,10,0
292,10,0
293,10,0
294,10,1
295,10,0
296,10,0
297,10,1
298,10,0
299,10,0
300,10,0
301,10,1
302,10,0
303,10,0
304,10,1
305,10,1
306,10,1
307,10,1
308,10,0
309,10,1
310,10,0
311,10,1
312,10,1
313,10,0
314,10,1
315,10,1
316,10,1
317,10,1
318,10,1
319,10,1
320,10,0
321,10,1
322,10,1
323,10,1
324,10,0
325,10,1
326,10,1
327,10,1
328,10,1
329,10,1
330,10,1
331,10,0
332,10,1
333,10,1
334,10,1
335,10,1
336,10,0
337,10,1
338,10,1
339,10,1
340,10,1
341,10,1
342,10,1
343,10,0
344,10,0
345,10,0
346,10,1
347,10,1
348,10,0
349,10,1
350,10,0
351,10,0
352,10,0
353,10,0
354,10,1
355,10,1
356,10,0
357,10,1
358,10,1
359,10,1
360,10,1
361,10,0
362,10,1
363,10,0
364,10,0
365,10,1
366,10,1
367,10,0
368,10,1
369,10,1
370,10,0
371,10,1
372,10,1
373,10,1
374,10,1
375,10,1
376,10,1
377,10,0
378,10,1
379,10,1
380,10,0
381,10,0
382,10,1
383,10,1
384,10,1
385,10,0
386,10,0
387,10,0
388,10,1
389,10,1
390,10,1
391,10,0
392,10,1
393,10,1
394,10,0
395,10,1
396,10,1
397,10,0
398,10,0
399,10,1
400,10,1
401,10,1
402,10,1
403,10,1
404,10,1
405,10,1
406,10,1
407,10,1
408,10,1
409,10,1
410,10,1
411,10,0
412,10,0
413,10,1
414,10,0
415,10,0
416,10,1
417,10,1
418,10,1
419,10,0
420,10,0
421,10,1
422,10,0
423,10,1
424,10,1
425,10,1
426,10,1
427,10,1
428,10,1
429,10,1
430,10,1
431,10,1
432,10,1
433,10,1
434,10,1
435,10,1
436,10,0
437,10,1
438,10,0
439,10,0
440,10,1
441,10,1
442,10,0
443,10,1
444,10,1
445,10,1
446,10,1
447,10,1
448,10,1
449,10,1
450,10,0
451,10,0
452,10,0
453,10,1
454,10,0
455,10,1
456,10,1
457,10,1
458,10,0
459,10,1
460,10,0
461,10,0
462,10,0
463,10,0
464,10,1
465,10,0
466,10,0
467,10,1
468,10,0
469,10,1
470,10,1
471,10,1
472,10,0
473,10,0
474,10,1
475,10,1
476,10,1
477,10,1
478,10,1
479,10,0
480,10,1
481,10,1
482,10,1
483,10,0
484,10,0
485,10,1
486,10,1
487,10,1
488,10,1
489,10,1
490,10,1
491,10,1
492,10,0
493,10,1
494,10,0
495,10,1
496,10,1
497,10,1
498,10,1
499,10,0
500,10,0
1,11,1
2,11,0
3,11,1
4,11,1
5,11,0
6,11,1
7,11,0
8,11,1
9,11,1
10,11,1
11,11,1
12,11,1
13,11,1
14,11,0
15,11,1
16,11,1
17,11,0
18,11,1
19,11,1
20,11,0
21,11,1
22,11,1
23,11,0
24,11,1
25,11,1
26,11,1
27,11,1
28,11,1
29,11,1
30,11,1
31,11,0
32,11,0
33,11,1
34,11,1
35,11,0
36,11,1
37,11,1
38,11,1
39,11,1
40,11,1
41,11,1
42,11,0
43,11,0
44,11,1
45,11,0
46,11,0
47,11,0
48,11,1
49,11,0
50,11,1
51,11,0
52,11,1
53,11,0
54,11,1
55,11,1
56,11,1
57,11,1
58,11,1
59,11,1
60,11,0
61,11,1
62,11,0
63,11,1
64,11,1
65,11,1
66,11,0
67,11,0
68,11,1
69,11,1
70,11,1
71,11,1
72,11,1
73,11,1
74,11,0
75,11,0
76,11,0
77,11,0
78,11,1
79,11,0
80,11,1
81,11,1
82,11,1
83,11,1
84,11,1
85,11,1
86,11,1
87,11,1
88,11,0
89,11,0
90,11,1
91,11,1
92,11,1
93,11,1
94,11,0
95,11,1
96,11,1
97,11,1
98,11,0
99,11,0
100,11,1
101,11,1
102,11,1
103,11,1
104,11,0
105,11,1
106,11,1
107,11,0
108,11,0
109,11,1
110,11,0
111,11,1
112,11,1
113,11,1
114,11,1
115,11,1
116,11,1
117,11,1
118,11,1
119,11,0
120,11,1
121,11,1
122,11,1
123,11,1
124,11,1
125,11,1
126,11,1
127,11,1
128,11,1
129,11,0
130,11,1
131,11,1
132,11,1
133,11,0
134,11,0
135,11,0
136,11,1
137,11,1
138,11,1
139,11,1
140,11,1
141,11,1
142,11,1
143,11,1
144,11,1
145,11,0
146,11,0
147,11,0
148,11,1
149,11,1
150,11,0
151,11,0
152,11,0
153,11,1
154,11,1
155,11,0
156,11,0
157,11,1
158,11,0
159,11,1
160,11,1
161,11,1
162,11,0
163,11,1
164,11,1
165,11,0
166,11,1
167,11,1
168,11,1
169,11,1
170,11,0
171,11,1
172,11,0
173,11,1
174,11,1
175,11,1
176,11,1
177,11,1
178,11,1
179,11,1
180,11,0
181,11,0
182,11,1
183,11,0
184,11,1
185,11,1
186,11,1
187,11,1
188,11,1
189,11,1
190,11,1
191,11,1
192,11,1
193,11,0
194,11,0
195,11,1
196,11,0
197,11,0
198,11,1
199,11,0
200,11,1
201,11,0
202,11,1
203,11,0
204,11,1
205,11,0
206,11,1
207,11,1
208,11,1
209,11,1
210,11,1
211,11,0
212,11,1
213,11,0
214,11,1
215,11,1
216,11,0
217,11,1
218,11,1
219,11,0
220,11,1
221,11,1
222,11,1
223,11,1
224,11,0
225,11,0
226,11,1
227,11,1
228,11,0
229,11,1
230,11,1
231,11,0
232,11,0
233,11,0
234,11,1
235,11,1
236,11,1
237,11,1
238,11,0
239,11,1
240,11,0
241,11,0
242,11,1
243,11,0
244,11,1
245,11,0
246,11,0
247,11,1
248,11,1
249,11,1
250,11,1
251,11,0
252,11,1
253,11,1
254,11,0
255,11,0
256,11,1
257,11,0
258,11,0
259,11,0
260,11,1
261,11,1
262,11,1
263,11,0
264,11,0
265,11,0
266,11,1
267,11,0
268,11,1
269,11,1
270,11,0
271,11,1
272,11,0
273,11,1
274,11,1
275,11,1
276,11,1
277,11,1
278,11,0
279,11,1
280,11,1
281,11,1
282,11,1
283,11,1
284,11,0
285,11,1
286,11,1
287,11,1
288,11,1
289,11,1
290,11,0
291,11,0
292,11,0
293,11,0
294,11,0
295,11,0
296,11,0
297,11,0
298,11,0
299,11,0
300,11,0
301,11,1
302,11,0
303,11,0
304,11,1
305,11,1
306,11,1
307,11,1
308,11,0
309,11,1
310,11,0
311,11,1
312,11,1
313,11,0
314,11,1
315,11,1
316,11,1
317,11,1
318,11,0
319,11,1
320,11,0
321,11,1
322,11,1
323,11,1
324,11,0
325,11,1
326,11,1
327,11,1
328,11,0
329,11,1
330,11,1
331,11,0
332,11,1
333,11,1
334,11,1
335,11,1
336,11,0
337,11,1
338,11,1
339,11,1
340,11,1
341,11,0
342,11,0
343,11,0
344,11,0
345,11,0
346,11,1
347,11,1
348,11,0
349,11,1
350,11,0
351,11,0
352,11,0
353,11,0
354,11,1
355,11,1
356,11,0
357,11,1
358,11,1
359,11,1
360,11,1
361,11,0
362,11,0
363,11,0
364,11,0
365,11,1
366,11,1
367,11,0
368,11,1
369,11,1
370,11,0
371,11,1
372,11,1
373,11,1
374,11,1
375,11,1
376,11,1
377,11,0
378,11,1
379,11,1
380,11,0
381,11,0
382,11,1
383,11,1
384,11,1
385,11,0
386,11,0
387,11,0
388,11,1
389,11,1
390,11,1
391,11,0
392,11,1
393,11,1
394,11,0
395,11,0
396,11,1
397,11,0
398,11,0
399,11,1
400,11,1
401,11,1
402,11,1
403,11,1
404,11,1
405,11,1
406,11,1
407,11,0
408,11,1
409,11,1
410,11,1
411,11,0
412,11,0
413,11,0
414,11,0
415,11,0
416,11,1
417,11,1
418,11,1
419,11,0
420,11,0
421,11,1
422,11,0
423,11,1
424,11,1
425,11,1
426,11,1
427,11,1
428,11,1
429,11,1
430,11,1
431,11,1
432,11,1
433,11,1
434,11,1
435,11,1
436,11,0
437,11,0
438,11,0
439,11,0
440,11,1
441,11,1
442,11,0
443,11,1
444,11,1
445,11,1
446,11,1
447,11,1
448,11,0
449,11,1
450,11,0
451,11,0
452,11,0
453,11,0
454,11,0
455,11,1
456,11,1
457,11,1
458,11,0
459,11,0
460,11,0
461,11,0
462,11,0
463,11,0
464,11,1
465,11,0
466,11,0
467,11,1
468,11,0
469,11,1
470,11,1
471,11,1
472,11,0
473,11,0
474,11,1
475,11,1
476,11,1
477,11,1
478,11,1
479,11,0
480,11,1
481,11,1
482,11,1
483,11,0
484,11,0
485,11,1
486,11,1
487,11,1
488,11,1
489,11,1
490,11,1
491,11,1
492,11,0
493,11,0
494,11,0
495,11,1
496,11,0
497,11,1
498,11,1
499,11,0
500,11,0
1,12,1
2,12,0
3,12,0
4,12,1
5,12,0
6,12,1
7,12,0
8,12,1
9,12,1
10,12,1
11,12,1
12,12,1
13,12,1
14,12,0
15,12,1
16,12,1
17,12,0
18,12,1
19,12,1
20,12,0
21,12,1
22,12,1
23,12,0
24,12,1
25,12,1
26,12,1
27,12,1
28,12,0
29,12,1
30,12,1
31,12,0
32,12,0
33,12,1
34,12,1
35,12,0
36,12,1
37,12,1
38,12,1
39,12,1
40,12,1
41,12,1
42,12,0
43,12,0
44,12,1
45,12,0
46,12,0
47,12,0
48,12,1
49,12,0
50,12,1
51,12,0
52,12,1
53,12,0
54,12,0
55,12,1
56,12,1
57,12,1
58,12,1
59,12,1
60,12,0
61,12,1
62,12,0
63,12,1
64,12,1
65,12,1
66,12,0
67,12,0
68,12,0
69,12,1
70,12,1
71,12,1
72,12,1
73,12,1
74,12,0
75,12,0
76,12,0
77,12,0
78,12,1
79,12,0
80,12,1
81,12,1
82,12,1
83,12,1
84,12,1
85,12,0
86,12,1
87,12,1
88,12,0
89,12,0
90,12,0
91,12,1
92,12,1
93,12,1
94,12,0
95,12,1
96,12,1
97,12,1
98,12,0
99,12,0
100,12,0
101,12,1
102,12,1
103,12,1
104,12,0
105,12,1
106,12,1
107,12,0
108,12,0
109,12,1
110,12,0
111,12,0
112,12,1
113,12,1
114,12,1
115,12,1
116,12,1
117,12,1
118,12,1
119,12,0
120,12,1
121,12,1
122,12,0
123,12,1
124,12,0
125,12,1
126,12,1
127,12,1
128,12,1
129,12,0
130,12,0
131,12,1
132,12,1
133,12,0
134,12,0
135,12,0
136,12,1
137,12,1
138,12,1
139,12,1
140,12,1
141,12,1
142,12,0
143,12,0
144,12,1
145,12,0
146,12,0
147,12,0
148,12,1
149,12,1
150,12,0
151,12,0
152,12,0
153,12,1
154,12,1
155,12,0
156,12,0
157,12,1
158,12,0
159,12,1
160,12,1
161,12,1
162,12,0
163,12,1
164,12,1
165,12,0
166,12,1
167,12,1
168,12,1
169,12,1
170,12,0
171,12,0
172,12,0
173,12,1
174,12,1
175,12,1
176,12,1
177,12,1
178,12,1
179,12,1
180,12,0
181,12,0
182,12,1
183,12,0
184,12,1
185,12,0
186,12,0
187,12,1
188,12,0
189,12,1
190,12,1
191,12,0
192,12,1
193,12,0
194,12,0
195,12,1
196,12,0
197,12,0
198,12,1
199,12,0
200,12,1
201,12,0
202,12,1
203,12,0
204,12,1
205,12,0
206,12,1
207,12,1
208,12,1
209,12,1
210,12,1
211,12,0
212,12,1
213,12,0
214,12,1
215,12,1
216,12,0
217,12,1
218,12,1
219,12,0
220,12,1
221,12,1
222,12,1
223,12,1
224,12,0
225,12,0
226,12,1
227,12,1
228,12,0
229,12,1
230,12,1
231,12,0
232,12,0
233,12,0
234,12,1
235,12,1
236,12,1
237,12,0
238,12,0
239,12,1
240,12,0
241,12,0
242,12,1
243,12,0
244,12,1
245,12,0
246,12,0
247,12,1
248,12,1
249,12,1
250,12,0
251,12,0
252,12,1
253,12,1
254,12,0
255,12,0
256,12,1
257,12,0
258,12,0
259,12,0
260,12,1
261,12,1
262,12,1
263,12,0
264,12,0
265,12,0
266,12,1
267,12,0
268,12,1
269,12,0
270,12,0
271,12,1
272,12,0
273,12,0
274,12,1
275,12,1
276,12,1
277,12,1
278,12,0
279,12,1
280,12,1
281,12,1
282,12,1
283,12,1
284,12,0
285,12,1
286,12,1
287,12,1
288,12,0
289,12,1
290,12,0
291,12,0
292,12,0
293,12,0
294,12,0
295,12,0
296,12,0
297,12,0
298,12,0
299,12,0
300,12,0
301,12,1
302,12,0
303,12,0
304,12,0
305,12,0
306,12,1
307,12,1
308,12,0
309,12,1
310,12,0
311,12,1
312,12,1
313,12,0
314,12,1
315,12,1
316,12,1
317,12,1
318,12,0
319,12,0
320,12,0
321,12,1
322,12,1
323,12,1
324,12,0
325,12,0
326,12,0
327,12,0
328,12,0
329,12,1
330,12,1
331,12,0
332,12,1
333,12,0
334,12,1
335,12,1
336,12,0
337,12,0
338,12,1
339,12,0
340,12,1
341,12,0
342,12,0
343,12,0
344,12,0
345,12,0
346,12,1
347,12,1
348,12,0
349,12,0
350,12,0
351,12,0
352,12,0
353,12,0
354,12,1
355,12,1
356,12,0
357,12,1
358,12,1
359,12,1
360,12,1
361,12,0
362,12,0
363,12,0
364,12,0
365,12,1
366,12,1
367,12,0
368,12,1
369,12,1
370,12,0
371,12,1
372,12,1
373,12,1
374,12,0
375,12,1
376,12,1
377,12,0
378,12,1
379,12,1
380,12,0
381,12,0
382,12,1
383,12,1
384,12,1
385,12,0
386,12,0
387,12,0
388,12,1
389,12,1
390,12,1
391,12,0
392,12,0
393,12,0
394,12,0
395,12,0
396,12,1
397,12,0
398,12,0
399,12,1
400,12,1
401,12,0
402,12,1
403,12,1
404,12,1
405,12,0
406,12,1
407,12,0
408,12,1
409,12,1
410,12,1
411,12,0
412,12,0
413,12,0
414,12,0
415,12,0
416,12,1
417,12,1
418,12,1
419,12,0
420,12,0
421,12,1
422,12,0
423,12,1
424,12,1
425,12,1
426,12,1
427,12,1
428,12,1
429,12,1
430,12,1
431,12,1
432,12,1
433,12,1
434,12,1
435,12,1
436,12,0
437,12,0
438,12,0
439,12,0
440,12,1
441,12,1
442,12,0
443,12,1
444,12,1
445,12,1
446,12,1
447,12,1
448,12,0
449,12,1
450,12,0
451,12,0
452,12,0
453,12,0
454,12,0
455,12,1
456,12,1
457,12,0
458,12,0
459,12,0
460,12,0
461,12,0
462,12,0
463,12,0
464,12,1
465,12,0
466,12,0
467,12,0
468,12,0
469,12,1
470,12,0
471,12,1
472,12,0
473,12,0
474,12,1
475,12,1
476,12,1
477,12,1
478,12,1
479,12,0
480,12,0
481,12,1
482,12,0
483,12,0
484,12,0
485,12,1
486,12,0
487,12,1
488,12,1
489,12,1
490,12,1
491,12,0
492,12,0
493,12,0
494,12,0
495,12,1
496,12,0
497,12,0
498,12,1
499,12,0
500,12,0
1,13,1
2,13,0
3,13,0
4,13,1
5,13,0
6,13,1
7,13,0
8,13,1
9,13,1
10,13,1
11,13,1
12,13,1
13,13,1
14,13,0
15,13,1
16,13,1
17,13,0
18,13,1
19,13,1
20,13,0
21,13,1
22,13,1
23,13,0
24,13,1
25,13,1
26,13,1
27,13,1
28,13,0
29,13,1
30,13,1
31,13,0
32,13,0
33,13,1
34,13,1
35,13,0
36,13,1
37,13,1
38,13,1
39,13,0
40,13,1
41,13,1
42,13,0
43,13,0
44,13,1
45,13,0
46,13,0
47,13,0
48,13,1
49,13,0
50,13,1
51,13,0
52,13,1
53,13,0
54,13,0
55,13,1
56,13,1
57,13,1
58,13,1
59,13,1
60,13,0
61,13,1
62,13,0
63,13,1
64,13,1
65,13,1
66,13,0
67,13,0
68,13,0
69,13,1
70,13,1
71,13,1
72,13,1
73,13,1
74,13,0
75,13,0
76,13,0
77,13,0
78,13,1
79,13,0
80,13,1
81,13,1
82,13,1
83,13,1
84,13,1
85,13,0
86,13,1
87,13,1
88,13,0
89,13,0
90,13,0
91,13,1
92,13,1
93,13,1
94,13,0
95,13,1
96,13,1
97,13,1
98,13,0
99,13,0
100,13,0
101,13,1
102,13,1
103,13,1
104,13,0
105,13,1
106,13,1
107,13,0
108,13,0
109,13,1
110,13,0
111,13,0
112,13,1
113,13,1
114,13,1
115,13,1
116,13,1
117,13,1
118,13,1
119,13,0
120,13,1
121,13,1
122,13,0
123,13,1
124,13,0
125,13,1
126,13,1
127,13,1
128,13,1
129,13,0
130,13,0
131,13,1
132,13,1
133,13,0
134,13,0
135,13,0
136,13,1
137,13,1
138,13,1
139,13,1
140,13,1
141,13,1
142,13,0
143,13,0
144,13,1
145,13,0
146,13,0
147,13,0
148,13,1
149,13,1
150,13,0
151,13,0
152,13,0
153,13,1
154,13,1
155,13,0
156,13,0
157,13,1
158,13,0
159,13,1
160,13,0
161,13,1
162,13,0
163,13,1
164,13,1
165,13,0
166,13,1
167,13,1
168,13,1
169,13,1
170,13,0
171,13,0
172,13,0
173,13,1
174,13,1
175,13,1
176,13,1
177,13,1
178,13,1
179,13,1
180,13,0
181,13,0
182,13,1
183,13,0
184,13,1
185,13,0
186,13,0
187,13,1
188,13,0
189,13,1
190,13,1
191,13,0
192,13,1
193,13,0
194,13,0
195,13,1
196,13,0
197,13,0
198,13,1
199,13,0
200,13,1
201,13,0
202,13,1
203,13,0
204,13,1
205,13,0
206,13,1
207,13,1
208,13,1
209,13,1
210,13,1
211,13,0
212,13,1
213,13,0
214,13,1
215,13,1
216,13,0
217,13,1
218,13,1
219,13,0
220,13,1
221,13,1
222,13,1
223,13,1
224,13,0
225,13,0
226,13,1
227,13,1
228,13,0
229,13,1
230,13,1
231,13,0
232,13,0
233,13,0
234,13,1
235,13,1
236,13,1
237,13,0
238,13,0
239,13,1
240,13,0
241,13,0
242,13,1
243,13,0
244,13,1
245,13,0
246,13,0
247,13,1
248,13,1
249,13,1
250,13,0
251,13,0
252,13,1
253,13,1
254,13,0
255,13,0
256,13,1
257,13,0
258,13,0
259,13,0
260,13,1
261,13,1
262,13,1
263,13,0
264,13,0
265,13,0
266,13,1
267,13,0
268,13,1
269,13,0
270,13,0
271,13,1
272,13,0
273,13,0
274,13,1
275,13,1
276,13,1
277,13,1
278,13,0
279,13,1
280,13,1
281,13,1
282,13,1
283,13,1
284,13,0
285,13,1
286,13,1
287,13,1
288,13,0
289,13,1
290,13,0
291,13,0
292,13,0
293,13,0
294,13,0
295,13,0
296,13,0
297,13,0
298,13,0
299,13,0
300,13,0
301,13,1
302,13,0
303,13,0
304,13,0
305,13,0
306,13,1
307,13,1
308,13,0
309,13,1
310,13,0
311,13,1
312,13,1
313,13,0
314,13,1
315,13,1
316,13,1
317,13,1
318,13,0
319,13,0
320,13,0
321,13,1
322,13,1
323,13,1
324,13,0
325,13,0
326,13,0
327,13,0
328,13,0
329,13,1
330,13,1
331,13,0
332,13,1
333,13,0
334,13,1
335,13,1
336,13,0
337,13,0
338,13,1
339,13,0
340,13,1
341,13,0
342,13,0
343,13,0
344,13,0
345,13,0
346,13,1
347,13,1
348,13,0
349,13,0
350,13,0
351,13,0
352,13,0
353,13,0
354,13,1
355,13,1
356,13,0
357,13,1
358,13,1
359,13,1
360,13,1
361,13,0
362,13,0
363,13,0
364,13,0
365,13,1
366,13,1
367,13,0
368,13,1
369,13,1
370,13,0
371,13,1
372,13,1
373,13,1
374,13,0
375,13,1
376,13,1
377,13,0
378,13,1
379,13,1
380,13,0
381,13,0
382,13,1
383,13,1
384,13,1
385,13,0
386,13,0
387,13,0
388,13,1
389,13,1
390,13,1
391,13,0
392,13,0
393,13,0
394,13,0
395,13,0
396,13,1
397,13,0
398,13,0
399,13,1
400,13,1
401,13,0
402,13,1
403,13,1
404,13,1
405,13,0
406,13,1
407,13,0
408,13,1
409,13,1
410,13,1
411,13,0
412,13,0
413,13,0
414,13,0
415,13,0
416,13,1
417,13,1
418,13,1
419,13,0
420,13,0
421,13,1
422,13,0
423,13,1
424,13,1
425,13,1
426,13,1
427,13,1
428,13,1
429,13,1
430,13,1
431,13,1
432,13,1
433,13,0
434,13,1
435,13,1
436,13,0
437,13,0
438,13,0
439,13,0
440,13,1
441,13,1
442,13,0
443,13,1
444,13,1
445,13,1
446,13,1
447,13,1
448,13,0
449,13,1
450,13,0
451,13,0
452,13,0
453,13,0
454,13,0
455,13,1
456,13,1
457,13,0
458,13,0
459,13,0
460,13,0
461,13,0
462,13,0
463,13,0
464,13,1
465,13,0
466,13,0
467,13,0
468,13,0
469,13,1
470,13,0
471,13,1
472,13,0
473,13,0
474,13,1
475,13,1
476,13,1
477,13,1
478,13,1
479,13,0
480,13,0
481,13,1
482,13,0
483,13,0
484,13,0
485,13,1
486,13,0
487,13,1
488,13,1
489,13,1
490,13,1
491,13,0
492,13,0
493,13,0
494,13,0
495,13,1
496,13,0
497,13,0
498,13,1
499,13,0
500,13,0
1,14,1
2,14,0
3,14,0
4,14,1
5,14,0
6,14,1
7,14,0
8,14,1
9,14,1
10,14,1
11,14,1
12,14,1
13,14,1
14,14,0
15,14,1
16,14,1
17,14,0
18,14,1
19,14,1
20,14,0
21,14,1
22,14,1
23,14,0
24,14,1
25,14,1
26,14,1
27,14,1
28,14,0
29,14,1
30,14,1
31,14,0
32,14,0
33,14,1
34,14,1
35,14,0
36,14,1
37,14,1
38,14,1
39,14,0
40,14,1
41,14,1
42,14,0
43,14,0
44,14,1
45,14,0
46,14,0
47,14,0
48,14,1
49,14,0
50,14,1
51,14,0
52,14,1
53,14,0
54,14,0
55,14,1
56,14,1
57,14,1
58,14,1
59,14,1
60,14,0
61,14,1
62,14,0
63,14,1
64,14,1
65,14,1
66,14,0
67,14,0
68,14,0
69,14,1
70,14,1
71,14,1
72,14,1
73,14,1
74,14,0
75,14,0
76,14,0
77,14,0
78,14,1
79,14,0
80,14,1
81,14,1
82,14,1
83,14,1
84,14,1
85,14,0
86,14,1
87,14,1
88,14,0
89,14,0
90,14,0
91,14,1
92,14,1
93,14,1
94,14,0
95,14,1
96,14,1
97,14,1
98,14,0
99,14,0
100,14,0
101,14,1
102,14,1
103,14,1
104,14,0
105,14,1
106,14,1
107,14,0
108,14,0
109,14,1
110,14,0
111,14,0
112,14,1
113,14,1
114,14,1
115,14,1
116,14,1
117,14,1
118,14,1
119,14,0
120,14,1
121,14,1
122,14,0
123,14,1
124,14,0
125,14,0
126,14,1
127,14,1
128,14,1
129,14,0
130,14,0
131,14,1
132,14,1
133,14,0
134,14,0
135,14,0
136,14,1
137,14,1
138,14,1
139,14,1
140,14,1
141,14,1
142,14,0
143,14,0
144,14,1
145,14,0
146,14,0
147,14,0
148,14,1
149,14,0
150,14,0
151,14,0
152,14,0
153,14,1
154,14,1
155,14,0
156,14,0
157,14,1
158,14,0
159,14,1
160,14,0
161,14,1
162,14,0
163,14,1
164,14,1
165,14,0
166,14,1
167,14,1
168,14,1
169,14,1
170,14,0
171,14,0
172,14,0
173,14,1
174,14,1
175,14,1
176,14,1
177,14,1
178,14,1
179,14,1
180,14,0
181,14,0
182,14,1
183,14,0
184,14,1
185,14,0
186,14,0
187,14,1
188,14,0
189,14,1
190,14,1
191,14,0
192,14,0
193,14,0
194,14,0
195,14,1
196,14,0
197,14,0
198,14,1
199,14,0
200,14,1
201,14,0
202,14,1
203,14,0
204,14,1
205,14,0
206,14,1
207,14,1
208,14,1
209,14,1
210,14,1
211,14,0
212,14,1
213,14,0
214,14,1
215,14,1
216,14,0
217,14,1
218,14,1
219,14,0
220,14,1
221,14,1
222,14,1
223,14,1
224,14,0
225,14,0
226,14,1
227,14,1
228,14,0
229,14,1
230,14,1
231,14,0
232,14,0
233,14,0
234,14,1
235,14,1
236,14,1
237,14,0
238,14,0
239,14,1
240,14,0
241,14,0
242,14,1
243,14,0
244,14,1
245,14,0
246,14,0
247,14,1
248,14,1
249,14,1
250,14,0
251,14,0
252,14,1
253,14,1
254,14,0
255,14,0
256,14,1
257,14,0
258,14,0
259,14,0
260,14,1
261,14,1
262,14,1
263,14,0
264,14,0
265,14,0
266,14,1
267,14,0
268,14,0
269,14,0
270,14,0
271,14,1
272,14,0
273,14,0
274,14,1
275,14,1
276,14,1
277,14,1
278,14,0
279,14,1
280,14,1
281,14,1
282,14,1
283,14,1
284,14,0
285,14,1
286,14,1
287,14,1
288,14,0
289,14,1
290,14,0
291,14,0
292,14,0
293,14,0
294,14,0
295,14,0
296,14,0
297,14,0
298,14,0
299,14,0
300,14,0
301,14,0
302,14,0
303,14,0
304,14,0
305,14,0
306,14,1
307,14,1
308,14,0
309,14,1
310,14,0
311,14,1
312,14,1
313,14,0
314,14,1
315,14,1
316,14,1
317,14,1
318,14,0
319,14,0
320,14,0
321,14,1
322,14,1
323,14,1
324,14,0
325,14,0
326,14,0
327,14,0
328,14,0
329,14,1
330,14,1
331,14,0
332,14,1
333,14,0
334,14,1
335,14,1
336,14,0
337,14,0
338,14,1
339,14,0
340,14,1
341,14,0
342,14,0
343,14,0
344,14,0
345,14,0
346,14,0
347,14,0
348,14,0
349,14,0
350,14,0
351,14,0
352,14,0
353,14,0
354,14,1
355,14,0
356,14,0
357,14,1
358,14,1
359,14,1
360,14,1
361,14,0
362,14,0
363,14,0
364,14,0
365,14,0
366,14,1
367,14,0
368,14,1
369,14,1
370,14,0
371,14,1
372,14,1
373,14,1
374,14,0
375,14,1
376,14,1
377,14,0
378,14,1
379,14,1
380,14,0
381,14,0
382,14,1
383,14,1
384,14,1
385,14,0
386,14,0
387,14,0
388,14,1
389,14,1
390,14,1
391,14,0
392,14,0
393,14,0
394,14,0
395,14,0
396,14,1
397,14,0
398,14,0
399,14,1
400,14,1
401,14,0
402,14,1
403,14,1
404,14,1
405,14,0
406,14,1
407,14,0
408,14,1
409,14,1
410,14,1
411,14,0
412,14,0
413,14,0
414,14,0
415,14,0
416,14,1
417,14,1
418,14,1
419,14,0
420,14,0
421,14,0
422,14,0
423,14,1
424,14,1
425,14,1
426,14,1
427,14,0
428,14,1
429,14,1
430,14,1
431,14,1
432,14,1
433,14,0
434,14,1
435,14,1
436,14,0
437,14,0
438,14,0
439,14,0
440,14,1
441,14,1
442,14,0
443,14,1
444,14,1
445,14,1
446,14,1
447,14,1
448,14,0
449,14,1
450,14,0
451,14,0
452,14,0
453,14,0
454,14,0
455,14,1
456,14,1
457,14,0
458,14,0
459,14,0
460,14,0
461,14,0
462,14,0
463,14,0
464,14,1
465,14,0
466,14,0
467,14,0
468,14,0
469,14,1
470,14,0
471,14,1
472,14,0
473,14,0
474,14,1
475,14,0
476,14,1
477,14,1
478,14,1
479,14,0
480,14,0
481,14,1
482,14,0
483,14,0
484,14,0
485,14,1
486,14,0
487,14,1
488,14,1
489,14,1
490,14,1
491,14,0
492,14,0
493,14,0
494,14,0
495,14,1
496,14,0
497,14,0
498,14,1
499,14,0
500,14,0
1,15,0
2,15,0
3,15,0
4,15,0
5,15,0
6,15,0
7,15,0
8,15,1
9,15,0
10,15,0
11,15,1
12,15,0
13,15,1
14,15,0
15,15,0
16,15,0
17,15,0
18,15,1
19,15,0
20,15,0
21,15,0
22,15,1
23,15,0
24,15,0
25,15,0
26,15,1
27,15,0
28,15,0
29,15,1
30,15,0
31,15,0
32,15,0
33,15,0
34,15,1
35,15,0
36,15,0
37,15,0
38,15,0
39,15,0
40,15,0
41,15,1
42,15,0
43,15,0
44,15,0
45,15,0
46,15,0
47,15,0
48,15,0
49,15,0
50,15,1
51,15,0
52,15,0
53,15,0
54,15,0
55,15,0
56,15,0
57,15,0
58,15,0
59,15,1
60,15,0
61,15,0
62,15,0
63,15,0
64,15,0
65,15,0
66,15,0
67,15,0
68,15,0
69,15,0
70,15,0
71,15,1
72,15,0
73,15,0
74,15,0
75,15,0
76,15,0
77,15,0
78,15,0
79,15,0
80,15,0
81,15,1
82,15,1
83,15,0
84,15,0
85,15,0
86,15,1
87,15,0
88,15,0
89,15,0
90,15,0
91,15,0
92,15,0
93,15,0
94,15,0
95,15,0
96,15,0
97,15,1
98,15,0
99,15,0
100,15,0
101,15,0
102,15,1
103,15,0
104,15,0
105,15,0
106,15,0
107,15,0
108,15,0
109,15,1
110,15,0
111,15,0
112,15,0
113,15,0
114,15,0
115,15,0
116,15,0
117,15,0
118,15,0
119,15,0
120,15,0
121,15,0
122,15,0
123,15,0
124,15,0
125,15,0
126,15,0
127,15,1
128,15,0
129,15,0
130,15,0
131,15,1
132,15,0
133,15,0
134,15,0
135,15,0
136,15,0
137,15,0
138,15,0
139,15,1
140,15,0
141,15,0
142,15,0
143,15,0
144,15,0
145,15,0
146,15,0
147,15,0
148,15,0
149,15,0
150,15,0
151,15,0
152,15,0
153,15,0
154,15,0
155,15,0
156,15,0
157,15,1
158,15,0
159,15,1
160,15,0
161,15,0
162,15,0
163,15,0
164,15,0
165,15,0
166,15,1
167,15,1
168,15,0
169,15,0
170,15,0
171,15,0
172,15,0
173,15,0
174,15,0
175,15,0
176,15,0
177,15,0
178,15,0
179,15,0
180,15,0
181,15,0
182,15,1
183,15,0
184,15,0
185,15,0
186,15,0
187,15,0
188,15,0
189,15,0
190,15,0
191,15,0
192,15,0
193,15,0
194,15,0
195,15,0
196,15,0
197,15,0
198,15,0
199,15,0
200,15,0
201,15,0
202,15,1
203,15,0
204,15,1
205,15,0
206,15,0
207,15,0
208,15,0
209,15,0
210,15,1
211,15,0
212,15,0
213,15,0
214,15,1
215,15,0
216,15,0
217,15,0
218,15,0
219,15,0
220,15,1
221,15,0
222,15,0
223,15,0
224,15,0
225,15,0
226,15,0
227,15,0
228,15,0
229,15,1
230,15,0
231,15,0
232,15,0
233,15,0
234,15,0
235,15,1
236,15,0
237,15,0
238,15,0
239,15,1
240,15,0
241,15,0
242,15,0
243,15,0
244,15,0
245,15,0
246,15,0
247,15,0
248,15,0
249,15,1
250,15,0
251,15,0
252,15,0
253,15,0
254,15,0
255,15,0
256,15,0
257,15,0
258,15,0
259,15,0
260,15,1
261,15,1
262,15,0
263,15,0
264,15,0
265,15,0
266,15,0
267,15,0
268,15,0
269,15,0
270,15,0
271,15,1
272,15,0
273,15,0
274,15,0
275,15,0
276,15,0
277,15,0
278,15,0
279,15,0
280,15,0
281,15,0
282,15,0
283,15,0
284,15,0
285,15,0
286,15,1
287,15,0
288,15,0
289,15,1
290,15,0
291,15,0
292,15,0
293,15,0
294,15,0
295,15,0
296,15,0
297,15,0
298,15,0
299,15,0
300,15,0
301,15,0
302,15,0
303,15,0
304,15,0
305,15,0
306,15,0
307,15,0
308,15,0
309,15,0
310,15,0
311,15,0
312,15,0
313,15,0
314,15,0
315,15,0
316,15,0
317,15,0
318,15,0
319,15,0
320,15,0
321,15,0
322,15,0
323,15,1
324,15,0
325,15,0
326,15,0
327,15,0
328,15,0
329,15,0
330,15,0
331,15,0
332,15,1
333,15,0
334,15,0
335,15,0
336,15,0
337,15,0
338,15,0
339,15,0
340,15,1
341,15,0
342,15,0
343,15,0
344,15,0
345,15,0
346,15,0
347,15,0
348,15,0
349,15,0
350,15,0
351,15,0
352,15,0
353,15,0
354,15,0
355,15,0
356,15,0
357,15,0
358,15,0
359,15,0
360,15,0
361,15,0
362,15,0
363,15,0
364,15,0
365,15,0
366,15,0
367,15,0
368,15,0
369,15,0
370,15,0
371,15,1
372,15,1
373,15,1
374,15,0
375,15,0
376,15,0
377,15,0
378,15,0
379,15,0
380,15,0
381,15,0
382,15,0
383,15,1
384,15,1
385,15,0
386,15,0
387,15,0
388,15,1
389,15,0
390,15,0
391,15,0
392,15,0
393,15,0
394,15,0
395,15,0
396,15,1
397,15,0
398,15,0
399,15,0
400,15,0
401,15,0
402,15,0
403,15,0
404,15,0
405,15,0
406,15,0
407,15,0
408,15,0
409,15,0
410,15,1
411,15,0
412,15,0
413,15,0
414,15,0
415,15,0
416,15,0
417,15,1
418,15,1
419,15,0
420,15,0
421,15,0
422,15,0
423,15,1
424,15,1
425,15,0
426,15,1
427,15,0
428,15,0
429,15,1
430,15,0
431,15,0
432,15,0
433,15,0
434,15,0
435,15,1
436,15,0
437,15,0
438,15,0
439,15,0
440,15,0
441,15,0
442,15,0
443,15,1
444,15,0
445,15,0
446,15,0
447,15,1
448,15,0
449,15,1
450,15,0
451,15,0
452,15,0
453,15,0
454,15,0
455,15,0
456,15,0
457,15,0
458,15,0
459,15,0
460,15,0
461,15,0
462,15,0
463,15,0
464,15,0
465,15,0
466,15,0
467,15,0
468,15,0
469,15,0
470,15,0
471,15,0
472,15,0
473,15,0
474,15,1
475,15,0
476,15,1
477,15,0
478,15,1
479,15,0
480,15,0
481,15,0
482,15,0
483,15,0
484,15,0
485,15,0
486,15,0
487,15,0
488,15,0
489,15,0
490,15,0
491,15,0
492,15,0
493,15,0
494,15,0
495,15,0
496,15,0
497,15,0
498,15,1
499,15,0
500,15,0
